date,run_time_ist,run_slot,stock_name,symbol,category,source,segment,action,cmp,previous_close,change_percent,target,upside_percent,volume,volume_shock,portfolio,notes
2026-06-08,"8 Jun 2026, 6:48:07 pm",morning,MAX HEALTHCARE INS LTD,MAXHEALTH,expert-long-term,expert-action-matrix,Large-Cap Bluechips,Accumulate,1007.45,977.25,3.09,1300.92,29.13,5442690,1.38,,Expert matrix long-term upside candidate
2026-06-08,"8 Jun 2026, 6:48:07 pm",morning,POWER GRID CORP. LTD.,POWERGRID,expert-long-term,expert-action-matrix,Large-Cap Bluechips,Accumulate,290.3,285.65,1.63,368.07,26.79,8746526,1.27,,Expert matrix long-term upside candidate
2026-06-08,"8 Jun 2026, 6:48:07 pm",morning,STATE BANK OF INDIA,SBIN,expert-long-term,expert-action-matrix,Large-Cap Bluechips,Accumulate,981.95,977.7,0.43,1229.35,25.19,12893767,1.22,,Expert matrix long-term upside candidate
2026-06-08,"8 Jun 2026, 6:48:07 pm",morning,BHARTI AIRTEL LIMITED,BHARTIARTL,expert-long-term,expert-action-matrix,Large-Cap Bluechips,Accumulate,1813.3,1798.2,0.84,2268.8,25.12,6323953,1.16,,Expert matrix long-term upside candidate
2026-06-08,"8 Jun 2026, 6:48:07 pm",morning,HDFC BANK LTD,HDFCBANK,expert-long-term,expert-action-matrix,Large-Cap Bluechips,Accumulate,738.65,747.05,-1.12,917.4,24.2,21546501,1.15,,Expert matrix long-term upside candidate
2026-06-08,"8 Jun 2026, 6:48:07 pm",morning,MAX HEALTHCARE INS LTD,MAXHEALTH,expert-intraday,expert-action-matrix,Large-Cap Bluechips,Track Breakout,1007.45,977.25,3.09,1300.92,29.13,5442690,1.38,,Expert matrix intraday volume-shock candidate
2026-06-08,"8 Jun 2026, 6:48:07 pm",morning,POWER GRID CORP. LTD.,POWERGRID,expert-intraday,expert-action-matrix,Large-Cap Bluechips,Track Breakout,290.3,285.65,1.63,368.07,26.79,8746526,1.27,,Expert matrix intraday volume-shock candidate
2026-06-08,"8 Jun 2026, 6:48:07 pm",morning,STATE BANK OF INDIA,SBIN,expert-intraday,expert-action-matrix,Large-Cap Bluechips,Track Breakout,981.95,977.7,0.43,1229.35,25.19,12893767,1.22,,Expert matrix intraday volume-shock candidate
2026-06-08,"8 Jun 2026, 6:48:07 pm",morning,BHARTI AIRTEL LIMITED,BHARTIARTL,expert-intraday,expert-action-matrix,Large-Cap Bluechips,Track Breakout,1813.3,1798.2,0.84,2268.8,25.12,6323953,1.16,,Expert matrix intraday volume-shock candidate
2026-06-08,"8 Jun 2026, 6:48:07 pm",morning,HDFC BANK LTD,HDFCBANK,expert-intraday,expert-action-matrix,Large-Cap Bluechips,Track Breakout,738.65,747.05,-1.12,917.4,24.2,21546501,1.15,,Expert matrix intraday volume-shock candidate
2026-06-08,"8 Jun 2026, 6:48:07 pm",morning,BALAJI AMINES LIMITED,BALAMINES,expert-long-term,expert-action-matrix,Mid-Cap Momentum,Accumulate,2090.9,2043.3,2.33,2584.55,23.61,481886,1.16,,Expert matrix long-term upside candidate
2026-06-08,"8 Jun 2026, 6:48:07 pm",morning,PERSISTENT SYSTEMS LTD,PERSISTENT,expert-long-term,expert-action-matrix,Mid-Cap Momentum,Accumulate,5065,5038.5,0.53,6076.28,19.97,396103,0.93,,Expert matrix long-term upside candidate
2026-06-08,"8 Jun 2026, 6:48:07 pm",morning,CUMMINS INDIA LTD,CUMMINSIND,expert-long-term,expert-action-matrix,Mid-Cap Momentum,Accumulate,5610.5,5784,-3,6728.11,19.92,483820,0.99,,Expert matrix long-term upside candidate
2026-06-08,"8 Jun 2026, 6:48:07 pm",morning,POLYCAB INDIA LIMITED,POLYCAB,expert-long-term,expert-action-matrix,Mid-Cap Momentum,Accumulate,9495,9699,-2.1,11280.06,18.8,199062,0.85,,Expert matrix long-term upside candidate
2026-06-08,"8 Jun 2026, 6:48:07 pm",morning,DIXON TECHNO (INDIA) LTD,DIXON,expert-long-term,expert-action-matrix,Mid-Cap Momentum,Accumulate,11392,11432,-0.35,13524.58,18.72,292064,0.84,,Expert matrix long-term upside candidate
2026-06-08,"8 Jun 2026, 6:48:07 pm",morning,BALAJI AMINES LIMITED,BALAMINES,expert-intraday,expert-action-matrix,Mid-Cap Momentum,Track Breakout,2090.9,2043.3,2.33,2584.55,23.61,481886,1.16,,Expert matrix intraday volume-shock candidate
2026-06-08,"8 Jun 2026, 6:48:07 pm",morning,CUMMINS INDIA LTD,CUMMINSIND,expert-intraday,expert-action-matrix,Mid-Cap Momentum,Track Breakout,5610.5,5784,-3,6728.11,19.92,483820,0.99,,Expert matrix intraday volume-shock candidate
2026-06-08,"8 Jun 2026, 6:48:07 pm",morning,PERSISTENT SYSTEMS LTD,PERSISTENT,expert-intraday,expert-action-matrix,Mid-Cap Momentum,Track Breakout,5065,5038.5,0.53,6076.28,19.97,396103,0.93,,Expert matrix intraday volume-shock candidate
2026-06-08,"8 Jun 2026, 6:48:07 pm",morning,POLYCAB INDIA LIMITED,POLYCAB,expert-intraday,expert-action-matrix,Mid-Cap Momentum,Track Breakout,9495,9699,-2.1,11280.06,18.8,199062,0.85,,Expert matrix intraday volume-shock candidate
2026-06-08,"8 Jun 2026, 6:48:07 pm",morning,DIXON TECHNO (INDIA) LTD,DIXON,expert-intraday,expert-action-matrix,Mid-Cap Momentum,Track Breakout,11392,11432,-0.35,13524.58,18.72,292064,0.84,,Expert matrix intraday volume-shock candidate
2026-06-08,"8 Jun 2026, 6:48:07 pm",morning,DWARIKESH SUGAR IND LTD,DWARKESH,expert-long-term,expert-action-matrix,Small-Cap Alpha,Accumulate,45.76,44.8,2.14,58.36,27.54,2240718,1.3,,Expert matrix long-term upside candidate
2026-06-08,"8 Jun 2026, 6:48:07 pm",morning,SUZLON ENERGY LIMITED,SUZLON,expert-long-term,expert-action-matrix,Small-Cap Alpha,Accumulate,54.43,55.31,-1.59,68.21,25.32,76514852,1.29,,Expert matrix long-term upside candidate
2026-06-08,"8 Jun 2026, 6:48:07 pm",morning,RAIL VIKAS NIGAM LIMITED,RVNL,expert-long-term,expert-action-matrix,Small-Cap Alpha,Accumulate,228.23,235.61,-3.13,283.83,24.36,8057376,1.17,,Expert matrix long-term upside candidate
2026-06-08,"8 Jun 2026, 6:48:07 pm",morning,INDIAN RENEWABLE ENERGY,IREDA,expert-long-term,expert-action-matrix,Small-Cap Alpha,Accumulate,120.16,123.43,-2.65,148.95,23.96,5899359,1.12,,Expert matrix long-term upside candidate
2026-06-08,"8 Jun 2026, 6:48:07 pm",morning,RAMA STEEL TUBES LIMITED,RAMASTEEL,expert-long-term,expert-action-matrix,Small-Cap Alpha,Accumulate,5.19,5.3,-2.08,6.37,22.76,2923935,0.97,,Expert matrix long-term upside candidate
2026-06-08,"8 Jun 2026, 6:48:07 pm",morning,DWARIKESH SUGAR IND LTD,DWARKESH,expert-intraday,expert-action-matrix,Small-Cap Alpha,Track Breakout,45.76,44.8,2.14,58.36,27.54,2240718,1.3,,Expert matrix intraday volume-shock candidate
2026-06-08,"8 Jun 2026, 6:48:07 pm",morning,SUZLON ENERGY LIMITED,SUZLON,expert-intraday,expert-action-matrix,Small-Cap Alpha,Track Breakout,54.43,55.31,-1.59,68.21,25.32,76514852,1.29,,Expert matrix intraday volume-shock candidate
2026-06-08,"8 Jun 2026, 6:48:07 pm",morning,RAIL VIKAS NIGAM LIMITED,RVNL,expert-intraday,expert-action-matrix,Small-Cap Alpha,Track Breakout,228.23,235.61,-3.13,283.83,24.36,8057376,1.17,,Expert matrix intraday volume-shock candidate
2026-06-08,"8 Jun 2026, 6:48:07 pm",morning,INDIAN RENEWABLE ENERGY,IREDA,expert-intraday,expert-action-matrix,Small-Cap Alpha,Track Breakout,120.16,123.43,-2.65,148.95,23.96,5899359,1.12,,Expert matrix intraday volume-shock candidate
2026-06-08,"8 Jun 2026, 6:48:07 pm",morning,RAMA STEEL TUBES LIMITED,RAMASTEEL,expert-intraday,expert-action-matrix,Small-Cap Alpha,Track Breakout,5.19,5.3,-2.08,6.37,22.76,2923935,0.97,,Expert matrix intraday volume-shock candidate
2026-06-08,"8 Jun 2026, 6:48:07 pm",morning,NIP IND ETF NIFTY BEES,NIFTYBEES,expert-long-term,expert-action-matrix,ETFs & Index BeES,Accumulate,262.56,265.36,-1.06,283.56,8,9651727,1.16,,Expert matrix long-term upside candidate
2026-06-08,"8 Jun 2026, 6:48:07 pm",morning,NIPPONAMC - NETFAUTO,AUTOBEES,expert-long-term,expert-action-matrix,ETFs & Index BeES,Accumulate,264.76,269.65,-1.81,285.94,8,155421,0.85,,Expert matrix long-term upside candidate
2026-06-08,"8 Jun 2026, 6:48:07 pm",morning,NIP IND ETF GOLD BEES,GOLDBEES,expert-long-term,expert-action-matrix,ETFs & Index BeES,Accumulate,124.16,127.78,-2.83,134.09,8,41863138,1.2,,Expert matrix long-term upside candidate
2026-06-08,"8 Jun 2026, 6:48:07 pm",morning,NIP IND ETF BANK BEES,BANKBEES,expert-long-term,expert-action-matrix,ETFs & Index BeES,Accumulate,558.71,563.08,-0.78,603.41,8,1211063,0.88,,Expert matrix long-term upside candidate
2026-06-08,"8 Jun 2026, 6:48:07 pm",morning,NIP IND ETF JUNIOR BEES,JUNIORBEES,expert-long-term,expert-action-matrix,ETFs & Index BeES,Accumulate,744.88,757.76,-1.7,804.47,8,593004,0.99,,Expert matrix long-term upside candidate
2026-06-08,"8 Jun 2026, 6:48:07 pm",morning,NIP IND ETF GOLD BEES,GOLDBEES,expert-intraday,expert-action-matrix,ETFs & Index BeES,Track Breakout,124.16,127.78,-2.83,134.09,8,41863138,1.2,,Expert matrix intraday volume-shock candidate
2026-06-08,"8 Jun 2026, 6:48:07 pm",morning,NIP IND ETF NIFTY BEES,NIFTYBEES,expert-intraday,expert-action-matrix,ETFs & Index BeES,Track Breakout,262.56,265.36,-1.06,283.56,8,9651727,1.16,,Expert matrix intraday volume-shock candidate
2026-06-08,"8 Jun 2026, 6:48:07 pm",morning,NIP IND ETF IT,ITBEES,expert-intraday,expert-action-matrix,ETFs & Index BeES,Track Breakout,31.73,32.25,-1.61,34.27,8,20168698,1.11,,Expert matrix intraday volume-shock candidate
2026-06-08,"8 Jun 2026, 6:48:07 pm",morning,NIP IND ETF JUNIOR BEES,JUNIORBEES,expert-intraday,expert-action-matrix,ETFs & Index BeES,Track Breakout,744.88,757.76,-1.7,804.47,8,593004,0.99,,Expert matrix intraday volume-shock candidate
2026-06-08,"8 Jun 2026, 6:48:07 pm",morning,NIP IND ETF BANK BEES,BANKBEES,expert-intraday,expert-action-matrix,ETFs & Index BeES,Track Breakout,558.71,563.08,-0.78,603.41,8,1211063,0.88,,Expert matrix intraday volume-shock candidate
2026-06-08,"8 Jun 2026, 6:48:07 pm",morning,SUN PHARMACEUTICAL IND L,SUNPHARMA,portfolio-short-term,portfolio-analysis,Short-Term Buy/Sell Analysis,Accumulate,1788.8,1782.2,0.37,0,0,3098469,1,public/portfolio.csv,Repo portfolio recommendation from uploaded-format seed file
2026-06-08,"8 Jun 2026, 6:48:07 pm",morning,INFOSYS LIMITED,INFY,portfolio-short-term,portfolio-analysis,Short-Term Buy/Sell Analysis,Accumulate,1187.6,1197.5,-0.83,0,0,8630281,1.05,public/portfolio.csv,Repo portfolio recommendation from uploaded-format seed file
2026-06-08,"8 Jun 2026, 6:48:07 pm",morning,ICICI BANK LTD.,ICICIBANK,portfolio-short-term,portfolio-analysis,Short-Term Buy/Sell Analysis,Accumulate,1250.2,1262.1,-0.94,0,0,10713430,1.1,public/portfolio.csv,Repo portfolio recommendation from uploaded-format seed file
2026-06-08,"8 Jun 2026, 6:48:07 pm",morning,HDFC BANK LTD,HDFCBANK,portfolio-short-term,portfolio-analysis,Short-Term Buy/Sell Analysis,Accumulate,738.65,747.05,-1.12,0,0,21546501,1.15,public/portfolio.csv,Repo portfolio recommendation from uploaded-format seed file
2026-06-08,"8 Jun 2026, 6:48:07 pm",morning,MARUTI SUZUKI INDIA LTD.,MARUTI,portfolio-short-term,portfolio-analysis,Short-Term Buy/Sell Analysis,Accumulate,12912,13050,-1.06,0,0,372857,0.9,public/portfolio.csv,Repo portfolio recommendation from uploaded-format seed file
2026-06-08,"8 Jun 2026, 6:48:07 pm",morning,HDFC BANK LTD,HDFCBANK,portfolio-long-term,portfolio-analysis,Long-Term Buy/Sell Plan,Accumulate,738.65,747.05,-1.12,917.4,24.2,21546501,1.15,public/portfolio.csv,Repo portfolio recommendation from uploaded-format seed file
2026-06-08,"8 Jun 2026, 6:48:07 pm",morning,RELIANCE INDUSTRIES LTD,RELIANCE,portfolio-long-term,portfolio-analysis,Long-Term Buy/Sell Plan,Accumulate,1263.3,1291,-2.15,1565.99,23.96,16490817,1.12,public/portfolio.csv,Repo portfolio recommendation from uploaded-format seed file
2026-06-08,"8 Jun 2026, 6:48:07 pm",morning,ICICI BANK LTD.,ICICIBANK,portfolio-long-term,portfolio-analysis,Long-Term Buy/Sell Plan,Accumulate,1250.2,1262.1,-0.94,1547.75,23.8,10713430,1.1,public/portfolio.csv,Repo portfolio recommendation from uploaded-format seed file
2026-06-08,"8 Jun 2026, 6:48:07 pm",morning,INFOSYS LIMITED,INFY,portfolio-long-term,portfolio-analysis,Long-Term Buy/Sell Plan,Accumulate,1187.6,1197.5,-0.83,1465.5,23.4,8630281,1.05,public/portfolio.csv,Repo portfolio recommendation from uploaded-format seed file
2026-06-08,"8 Jun 2026, 6:48:07 pm",morning,TATA CONSULTANCY SERV LT,TCS,portfolio-long-term,portfolio-analysis,Long-Term Buy/Sell Plan,Accumulate,2151.4,2198.9,-2.16,2651.39,23.24,6534600,1.03,public/portfolio.csv,Repo portfolio recommendation from uploaded-format seed file
2026-06-08,"8 Jun 2026, 8:46:19 pm",market-close,BHARTI AIRTEL LIMITED,BHARTIARTL,gainer,market-movers,Large Cap Top Gainers,Track,1813.3,1798.2,0.84,0,0,6323953,1.16,,Post-close segmented top gainer by daily change percent
2026-06-08,"8 Jun 2026, 8:46:19 pm",market-close,STATE BANK OF INDIA,SBIN,gainer,market-movers,Large Cap Top Gainers,Track,981.95,977.7,0.43,0,0,12893767,1.22,,Post-close segmented top gainer by daily change percent
2026-06-08,"8 Jun 2026, 8:46:19 pm",market-close,SUN PHARMACEUTICAL IND L,SUNPHARMA,gainer,market-movers,Large Cap Top Gainers,Track,1788.8,1782.2,0.37,0,0,3098469,1,,Post-close segmented top gainer by daily change percent
2026-06-08,"8 Jun 2026, 8:46:19 pm",market-close,NTPC LTD,NTPC,gainer,market-movers,Large Cap Top Gainers,Track,362.4,361.65,0.21,0,0,14933224,1.1,,Post-close segmented top gainer by daily change percent
2026-06-08,"8 Jun 2026, 8:46:19 pm",market-close,TATA CONSULTANCY SERV LT,TCS,loser,market-movers,Large Cap Top Losers,Review Risk,2151.4,2198.9,-2.16,0,0,6534600,1.03,,Post-close segmented top loser by daily change percent
2026-06-08,"8 Jun 2026, 8:46:19 pm",market-close,RELIANCE INDUSTRIES LTD,RELIANCE,loser,market-movers,Large Cap Top Losers,Review Risk,1263.3,1291,-2.15,0,0,16490817,1.12,,Post-close segmented top loser by daily change percent
2026-06-08,"8 Jun 2026, 8:46:19 pm",market-close,BAJAJ FINANCE LIMITED,BAJFINANCE,loser,market-movers,Large Cap Top Losers,Review Risk,871.1,889.4,-2.06,0,0,6201556,0.99,,Post-close segmented top loser by daily change percent
2026-06-08,"8 Jun 2026, 8:46:19 pm",market-close,LARSEN & TOUBRO LTD.,LT,loser,market-movers,Large Cap Top Losers,Review Risk,3875.5,3953.2,-1.97,0,0,1678526,0.97,,Post-close segmented top loser by daily change percent
2026-06-08,"8 Jun 2026, 8:46:19 pm",market-close,MAX HEALTHCARE INS LTD,MAXHEALTH,gainer,market-movers,Mid Cap Top Gainers,Track,1007.45,977.25,3.09,0,0,5442690,1.38,,Post-close segmented top gainer by daily change percent
2026-06-08,"8 Jun 2026, 8:46:19 pm",market-close,PERSISTENT SYSTEMS LTD,PERSISTENT,gainer,market-movers,Mid Cap Top Gainers,Track,5065,5038.5,0.53,0,0,396103,0.93,,Post-close segmented top gainer by daily change percent
2026-06-08,"8 Jun 2026, 8:46:19 pm",market-close,MPHASIS LIMITED,MPHASIS,gainer,market-movers,Mid Cap Top Gainers,Track,2334.1,2330,0.18,0,0,396567,0.83,,Post-close segmented top gainer by daily change percent
2026-06-08,"8 Jun 2026, 8:46:19 pm",market-close,FEDERAL BANK LTD,FEDERALBNK,gainer,market-movers,Mid Cap Top Gainers,Track,304.6,304.15,0.15,0,0,12110488,1.18,,Post-close segmented top gainer by daily change percent
2026-06-08,"8 Jun 2026, 8:46:19 pm",market-close,VODAFONE IDEA LIMITED,IDEA,loser,market-movers,Mid Cap Top Losers,Review Risk,14.4,14.95,-3.68,0,0,551806445,1.34,,Post-close segmented top loser by daily change percent
2026-06-08,"8 Jun 2026, 8:46:19 pm",market-close,CUMMINS INDIA LTD,CUMMINSIND,loser,market-movers,Mid Cap Top Losers,Review Risk,5610.5,5784,-3,0,0,483820,0.99,,Post-close segmented top loser by daily change percent
2026-06-08,"8 Jun 2026, 8:46:19 pm",market-close,ASHOK LEYLAND LTD,ASHOKLEY,loser,market-movers,Mid Cap Top Losers,Review Risk,141.02,145.29,-2.94,0,0,28535120,1.07,,Post-close segmented top loser by daily change percent
2026-06-08,"8 Jun 2026, 8:46:19 pm",market-close,BALKRISHNA IND. LTD,BALKRISIND,loser,market-movers,Mid Cap Top Losers,Review Risk,2094.6,2142,-2.21,0,0,98779,0.88,,Post-close segmented top loser by daily change percent
2026-06-08,"8 Jun 2026, 8:46:19 pm",market-close,DWARIKESH SUGAR IND LTD,DWARKESH,gainer,market-movers,Small Cap Top Gainers,Track,45.76,44.8,2.14,0,0,2240718,1.3,,Post-close segmented top gainer by daily change percent
2026-06-08,"8 Jun 2026, 8:46:19 pm",market-close,BEML LIMITED,BEML,gainer,market-movers,Small Cap Top Gainers,Track,1741.4,1742.8,-0.08,0,0,218938,0.79,,Post-close segmented top gainer by daily change percent
2026-06-08,"8 Jun 2026, 8:46:19 pm",market-close,JUPITER WAGONS LIMITED,JWL,gainer,market-movers,Small Cap Top Gainers,Track,275.65,277.9,-0.81,0,0,1108457,0.95,,Post-close segmented top gainer by daily change percent
2026-06-08,"8 Jun 2026, 8:46:19 pm",market-close,TEXMACO RAIL & ENG. LTD.,TEXRAIL,gainer,market-movers,Small Cap Top Gainers,Track,103.04,104.37,-1.27,0,0,2087808,0.95,,Post-close segmented top gainer by daily change percent
2026-06-08,"8 Jun 2026, 8:46:19 pm",market-close,MTAR TECHNOLOGIES LIMITED,MTARTECH,loser,market-movers,Small Cap Top Losers,Review Risk,7052,7535.5,-6.42,0,0,1148336,0.98,,Post-close segmented top loser by daily change percent
2026-06-08,"8 Jun 2026, 8:46:19 pm",market-close,GRAVITA INDIA LIMITED,GRAVITA,loser,market-movers,Small Cap Top Losers,Review Risk,1544.5,1630.7,-5.29,0,0,217592,0.89,,Post-close segmented top loser by daily change percent
2026-06-08,"8 Jun 2026, 8:46:19 pm",market-close,GUJ IND POW CO. LTD,GIPCL,loser,market-movers,Small Cap Top Losers,Review Risk,163.45,169.94,-3.82,0,0,394646,0.86,,Post-close segmented top loser by daily change percent
2026-06-08,"8 Jun 2026, 8:46:19 pm",market-close,NUCLEUS SOFTWARE EXPORTS,NUCLEUS,loser,market-movers,Small Cap Top Losers,Review Risk,695.4,718,-3.15,0,0,35209,0.76,,Post-close segmented top loser by daily change percent
2026-06-09,"9 Jun 2026, 1:33:14 pm",morning,STATE BANK OF INDIA,SBIN,expert-long-term,expert-action-matrix,Large-Cap Bluechips,Accumulate,1000.85,981.95,1.92,1283.14,28.2,13581999,1.41,,Expert matrix long-term upside candidate
2026-06-09,"9 Jun 2026, 1:33:14 pm",morning,REC LIMITED,RECLTD,expert-long-term,expert-action-matrix,Large-Cap Bluechips,Accumulate,351.25,343.4,2.29,449.34,27.93,5025628,1.33,,Expert matrix long-term upside candidate
2026-06-09,"9 Jun 2026, 1:33:14 pm",morning,ICICI BANK LTD.,ICICIBANK,expert-long-term,expert-action-matrix,Large-Cap Bluechips,Accumulate,1273.6,1250.2,1.87,1626.03,27.67,12203690,1.35,,Expert matrix long-term upside candidate
2026-06-09,"9 Jun 2026, 1:33:14 pm",morning,HDFC BANK LTD,HDFCBANK,expert-long-term,expert-action-matrix,Large-Cap Bluechips,Accumulate,740.8,738.65,0.29,924.6,24.81,22132645,1.19,,Expert matrix long-term upside candidate
2026-06-09,"9 Jun 2026, 1:33:14 pm",morning,RELIANCE INDUSTRIES LTD,RELIANCE,expert-long-term,expert-action-matrix,Large-Cap Bluechips,Accumulate,1259.3,1263.3,-0.32,1559.01,23.8,10938471,1.1,,Expert matrix long-term upside candidate
2026-06-09,"9 Jun 2026, 1:33:14 pm",morning,STATE BANK OF INDIA,SBIN,expert-intraday,expert-action-matrix,Large-Cap Bluechips,Track Breakout,1000.85,981.95,1.92,1283.14,28.2,13581999,1.41,,Expert matrix intraday volume-shock candidate
2026-06-09,"9 Jun 2026, 1:33:14 pm",morning,ICICI BANK LTD.,ICICIBANK,expert-intraday,expert-action-matrix,Large-Cap Bluechips,Track Breakout,1273.6,1250.2,1.87,1626.03,27.67,12203690,1.35,,Expert matrix intraday volume-shock candidate
2026-06-09,"9 Jun 2026, 1:33:14 pm",morning,REC LIMITED,RECLTD,expert-intraday,expert-action-matrix,Large-Cap Bluechips,Track Breakout,351.25,343.4,2.29,449.34,27.93,5025628,1.33,,Expert matrix intraday volume-shock candidate
2026-06-09,"9 Jun 2026, 1:33:14 pm",morning,HDFC BANK LTD,HDFCBANK,expert-intraday,expert-action-matrix,Large-Cap Bluechips,Track Breakout,740.8,738.65,0.29,924.6,24.81,22132645,1.19,,Expert matrix intraday volume-shock candidate
2026-06-09,"9 Jun 2026, 1:33:14 pm",morning,RELIANCE INDUSTRIES LTD,RELIANCE,expert-intraday,expert-action-matrix,Large-Cap Bluechips,Track Breakout,1259.3,1263.3,-0.32,1559.01,23.8,10938471,1.1,,Expert matrix intraday volume-shock candidate
2026-06-09,"9 Jun 2026, 1:33:14 pm",morning,BALAJI AMINES LIMITED,BALAMINES,expert-long-term,expert-action-matrix,Mid-Cap Momentum,Accumulate,2214.5,2090.9,5.91,2901.69,31.03,721661,1.64,,Expert matrix long-term upside candidate
2026-06-09,"9 Jun 2026, 1:33:14 pm",morning,POLYCAB INDIA LIMITED,POLYCAB,expert-long-term,expert-action-matrix,Mid-Cap Momentum,Accumulate,9650,9495,1.63,11752.97,21.79,116137,1.02,,Expert matrix long-term upside candidate
2026-06-09,"9 Jun 2026, 1:33:14 pm",morning,DIXON TECHNO (INDIA) LTD,DIXON,expert-long-term,expert-action-matrix,Mid-Cap Momentum,Accumulate,11514,11392,1.07,13903.26,20.75,220510,0.96,,Expert matrix long-term upside candidate
2026-06-09,"9 Jun 2026, 1:33:14 pm",morning,CUMMINS INDIA LTD,CUMMINSIND,expert-long-term,expert-action-matrix,Mid-Cap Momentum,Accumulate,5565.5,5610.5,-0.8,6660.79,19.68,301079,0.96,,Expert matrix long-term upside candidate
2026-06-09,"9 Jun 2026, 1:33:14 pm",morning,AHLUWALIA CONT IND LTD,AHLUCONT,expert-long-term,expert-action-matrix,Mid-Cap Momentum,Accumulate,788.4,783.7,0.6,942.61,19.56,25237,0.87,,Expert matrix long-term upside candidate
2026-06-09,"9 Jun 2026, 1:33:14 pm",morning,BALAJI AMINES LIMITED,BALAMINES,expert-intraday,expert-action-matrix,Mid-Cap Momentum,Track Breakout,2214.5,2090.9,5.91,2901.69,31.03,721661,1.64,,Expert matrix intraday volume-shock candidate
2026-06-09,"9 Jun 2026, 1:33:14 pm",morning,POLYCAB INDIA LIMITED,POLYCAB,expert-intraday,expert-action-matrix,Mid-Cap Momentum,Track Breakout,9650,9495,1.63,11752.97,21.79,116137,1.02,,Expert matrix intraday volume-shock candidate
2026-06-09,"9 Jun 2026, 1:33:14 pm",morning,DIXON TECHNO (INDIA) LTD,DIXON,expert-intraday,expert-action-matrix,Mid-Cap Momentum,Track Breakout,11514,11392,1.07,13903.26,20.75,220510,0.96,,Expert matrix intraday volume-shock candidate
2026-06-09,"9 Jun 2026, 1:33:14 pm",morning,CUMMINS INDIA LTD,CUMMINSIND,expert-intraday,expert-action-matrix,Mid-Cap Momentum,Track Breakout,5565.5,5610.5,-0.8,6660.79,19.68,301079,0.96,,Expert matrix intraday volume-shock candidate
2026-06-09,"9 Jun 2026, 1:33:14 pm",morning,AHLUWALIA CONT IND LTD,AHLUCONT,expert-intraday,expert-action-matrix,Mid-Cap Momentum,Track Breakout,788.4,783.7,0.6,942.61,19.56,25237,0.87,,Expert matrix intraday volume-shock candidate
2026-06-09,"9 Jun 2026, 1:33:14 pm",morning,MOREPEN LAB. LTD,MOREPENLAB,expert-long-term,expert-action-matrix,Small-Cap Alpha,Accumulate,48.28,42.87,12.62,71.85,48.82,32871910,2.65,,Expert matrix long-term upside candidate
2026-06-09,"9 Jun 2026, 1:33:14 pm",morning,RAIL VIKAS NIGAM LIMITED,RVNL,expert-long-term,expert-action-matrix,Small-Cap Alpha,Accumulate,231.89,228.23,1.6,295.81,27.56,8762102,1.37,,Expert matrix long-term upside candidate
2026-06-09,"9 Jun 2026, 1:33:14 pm",morning,SUZLON ENERGY LIMITED,SUZLON,expert-long-term,expert-action-matrix,Small-Cap Alpha,Accumulate,55,54.43,1.05,69.9,27.09,39071303,1.38,,Expert matrix long-term upside candidate
2026-06-09,"9 Jun 2026, 1:33:14 pm",morning,INDIAN RENEWABLE ENERGY,IREDA,expert-long-term,expert-action-matrix,Small-Cap Alpha,Accumulate,121.56,120.16,1.17,153.27,26.09,4394799,1.24,,Expert matrix long-term upside candidate
2026-06-09,"9 Jun 2026, 1:33:14 pm",morning,TEXMACO RAIL & ENG. LTD.,TEXRAIL,expert-long-term,expert-action-matrix,Small-Cap Alpha,Accumulate,104.53,103.04,1.45,130.75,25.09,896428,1.08,,Expert matrix long-term upside candidate
2026-06-09,"9 Jun 2026, 1:33:14 pm",morning,MOREPEN LAB. LTD,MOREPENLAB,expert-intraday,expert-action-matrix,Small-Cap Alpha,Track Breakout,48.28,42.87,12.62,71.85,48.82,32871910,2.65,,Expert matrix intraday volume-shock candidate
2026-06-09,"9 Jun 2026, 1:33:14 pm",morning,SUZLON ENERGY LIMITED,SUZLON,expert-intraday,expert-action-matrix,Small-Cap Alpha,Track Breakout,55,54.43,1.05,69.9,27.09,39071303,1.38,,Expert matrix intraday volume-shock candidate
2026-06-09,"9 Jun 2026, 1:33:14 pm",morning,RAIL VIKAS NIGAM LIMITED,RVNL,expert-intraday,expert-action-matrix,Small-Cap Alpha,Track Breakout,231.89,228.23,1.6,295.81,27.56,8762102,1.37,,Expert matrix intraday volume-shock candidate
2026-06-09,"9 Jun 2026, 1:33:14 pm",morning,INDIAN RENEWABLE ENERGY,IREDA,expert-intraday,expert-action-matrix,Small-Cap Alpha,Track Breakout,121.56,120.16,1.17,153.27,26.09,4394799,1.24,,Expert matrix intraday volume-shock candidate
2026-06-09,"9 Jun 2026, 1:33:14 pm",morning,TEXMACO RAIL & ENG. LTD.,TEXRAIL,expert-intraday,expert-action-matrix,Small-Cap Alpha,Track Breakout,104.53,103.04,1.45,130.75,25.09,896428,1.08,,Expert matrix intraday volume-shock candidate
2026-06-09,"9 Jun 2026, 1:33:14 pm",morning,NIP IND ETF JUNIOR BEES,JUNIORBEES,expert-long-term,expert-action-matrix,ETFs & Index BeES,Accumulate,752,744.88,0.96,812.16,8,123869,1.02,,Expert matrix long-term upside candidate
2026-06-09,"9 Jun 2026, 1:33:14 pm",morning,NIP IND ETF IT,ITBEES,expert-long-term,expert-action-matrix,ETFs & Index BeES,Accumulate,31.45,31.73,-0.88,33.97,8,7983269,1.06,,Expert matrix long-term upside candidate
2026-06-09,"9 Jun 2026, 1:33:14 pm",morning,NIP IND ETF BANK BEES,BANKBEES,expert-long-term,expert-action-matrix,ETFs & Index BeES,Accumulate,568.25,558.71,1.71,613.71,8,742270,1.06,,Expert matrix long-term upside candidate
2026-06-09,"9 Jun 2026, 1:33:14 pm",morning,NIP IND ETF NIFTY BEES,NIFTYBEES,expert-long-term,expert-action-matrix,ETFs & Index BeES,Accumulate,263.38,262.56,0.31,284.45,8,3204294,1.13,,Expert matrix long-term upside candidate
2026-06-09,"9 Jun 2026, 1:33:14 pm",morning,NIP IND ETF GOLD BEES,GOLDBEES,expert-long-term,expert-action-matrix,ETFs & Index BeES,Accumulate,125.32,124.16,0.93,135.35,8,12493381,1.24,,Expert matrix long-term upside candidate
2026-06-09,"9 Jun 2026, 1:33:14 pm",morning,NIP IND ETF GOLD BEES,GOLDBEES,expert-intraday,expert-action-matrix,ETFs & Index BeES,Track Breakout,125.32,124.16,0.93,135.35,8,12493381,1.24,,Expert matrix intraday volume-shock candidate
2026-06-09,"9 Jun 2026, 1:33:14 pm",morning,NIP IND ETF NIFTY BEES,NIFTYBEES,expert-intraday,expert-action-matrix,ETFs & Index BeES,Track Breakout,263.38,262.56,0.31,284.45,8,3204294,1.13,,Expert matrix intraday volume-shock candidate
2026-06-09,"9 Jun 2026, 1:33:14 pm",morning,NIP IND ETF IT,ITBEES,expert-intraday,expert-action-matrix,ETFs & Index BeES,Track Breakout,31.45,31.73,-0.88,33.97,8,7983269,1.06,,Expert matrix intraday volume-shock candidate
2026-06-09,"9 Jun 2026, 1:33:14 pm",morning,NIP IND ETF BANK BEES,BANKBEES,expert-intraday,expert-action-matrix,ETFs & Index BeES,Track Breakout,568.25,558.71,1.71,613.71,8,742270,1.06,,Expert matrix intraday volume-shock candidate
2026-06-09,"9 Jun 2026, 1:33:14 pm",morning,NIP IND ETF JUNIOR BEES,JUNIORBEES,expert-intraday,expert-action-matrix,ETFs & Index BeES,Track Breakout,752,744.88,0.96,812.16,8,123869,1.02,,Expert matrix intraday volume-shock candidate
2026-06-09,"9 Jun 2026, 1:33:14 pm",morning,ICICI BANK LTD.,ICICIBANK,portfolio-short-term,portfolio-analysis,Short-Term Buy/Sell Analysis,Accumulate,1273.8,1250.2,1.89,0,0,12205969,1.35,public/portfolio.csv,Repo portfolio buy candidate from uploaded-format seed file
2026-06-09,"9 Jun 2026, 1:33:14 pm",morning,MARUTI SUZUKI INDIA LTD.,MARUTI,portfolio-short-term,portfolio-analysis,Short-Term Buy/Sell Analysis,Accumulate,13005,12912,0.72,0,0,277991,0.97,public/portfolio.csv,Repo portfolio buy candidate from uploaded-format seed file
2026-06-09,"9 Jun 2026, 1:33:14 pm",morning,HDFC BANK LTD,HDFCBANK,portfolio-short-term,portfolio-analysis,Short-Term Buy/Sell Analysis,Accumulate,740.8,738.65,0.29,0,0,22132645,1.19,public/portfolio.csv,Repo portfolio buy candidate from uploaded-format seed file
2026-06-09,"9 Jun 2026, 1:33:14 pm",morning,RELIANCE INDUSTRIES LTD,RELIANCE,portfolio-short-term,portfolio-analysis,Short-Term Buy/Sell Analysis,Accumulate,1259.3,1263.3,-0.32,0,0,10938471,1.1,public/portfolio.csv,Repo portfolio buy candidate from uploaded-format seed file
2026-06-09,"9 Jun 2026, 1:33:14 pm",morning,TATA CONSULTANCY SERV LT,TCS,portfolio-short-term,portfolio-analysis,Short-Term Buy/Sell Analysis,Accumulate,2140.4,2151.4,-0.51,0,0,2498087,0.97,public/portfolio.csv,Repo portfolio buy candidate from uploaded-format seed file
2026-06-09,"9 Jun 2026, 1:33:14 pm",morning,ICICI BANK LTD.,ICICIBANK,portfolio-long-term,portfolio-analysis,Long-Term Buy/Sell Plan,Accumulate,1273.8,1250.2,1.89,1626.49,27.69,12205969,1.35,public/portfolio.csv,Repo portfolio buy candidate from uploaded-format seed file
2026-06-09,"9 Jun 2026, 1:33:14 pm",morning,HDFC BANK LTD,HDFCBANK,portfolio-long-term,portfolio-analysis,Long-Term Buy/Sell Plan,Accumulate,740.8,738.65,0.29,924.6,24.81,22132645,1.19,public/portfolio.csv,Repo portfolio buy candidate from uploaded-format seed file
2026-06-09,"9 Jun 2026, 1:33:14 pm",morning,RELIANCE INDUSTRIES LTD,RELIANCE,portfolio-long-term,portfolio-analysis,Long-Term Buy/Sell Plan,Accumulate,1259.3,1263.3,-0.32,1559.01,23.8,10938471,1.1,public/portfolio.csv,Repo portfolio buy candidate from uploaded-format seed file
2026-06-09,"9 Jun 2026, 1:33:14 pm",morning,INFOSYS LIMITED,INFY,portfolio-long-term,portfolio-analysis,Long-Term Buy/Sell Plan,Accumulate,1171.7,1187.6,-1.34,1444,23.24,6397637,1.03,public/portfolio.csv,Repo portfolio buy candidate from uploaded-format seed file
2026-06-09,"9 Jun 2026, 1:33:14 pm",morning,TATA CONSULTANCY SERV LT,TCS,portfolio-long-term,portfolio-analysis,Long-Term Buy/Sell Plan,Accumulate,2140.4,2151.4,-0.51,2627.56,22.76,2498087,0.97,public/portfolio.csv,Repo portfolio buy candidate from uploaded-format seed file
2026-06-09,"9 Jun 2026, 7:18:16 pm",market-close,STATE BANK OF INDIA,SBIN,gainer,market-movers,Large Cap Top Gainers,Track,1002.7,981.95,2.11,0,0,22139654,1.46,,Post-close segmented top gainer by daily change percent
2026-06-09,"9 Jun 2026, 7:18:16 pm",market-close,ICICI BANK LTD.,ICICIBANK,gainer,market-movers,Large Cap Top Gainers,Track,1275,1250.2,1.98,0,0,22368063,1.4,,Post-close segmented top gainer by daily change percent
2026-06-09,"9 Jun 2026, 7:18:16 pm",market-close,AXIS BANK LIMITED,AXISBANK,gainer,market-movers,Large Cap Top Gainers,Track,1292.4,1268.1,1.92,0,0,7533477,1.26,,Post-close segmented top gainer by daily change percent
2026-06-09,"9 Jun 2026, 7:18:16 pm",market-close,BAJAJ FINANCE LIMITED,BAJFINANCE,gainer,market-movers,Large Cap Top Gainers,Track,886.9,871.1,1.81,0,0,9182484,1.24,,Post-close segmented top gainer by daily change percent
2026-06-09,"9 Jun 2026, 7:18:16 pm",market-close,TITAN COMPANY LIMITED,TITAN,loser,market-movers,Large Cap Top Losers,Review Risk,4104.9,4192.4,-2.09,0,0,1284686,0.91,,Post-close segmented top loser by daily change percent
2026-06-09,"9 Jun 2026, 7:18:16 pm",market-close,NTPC LTD,NTPC,loser,market-movers,Large Cap Top Losers,Review Risk,355.65,362.4,-1.86,0,0,14244258,1.07,,Post-close segmented top loser by daily change percent
2026-06-09,"9 Jun 2026, 7:18:16 pm",market-close,BHARTI AIRTEL LIMITED,BHARTIARTL,loser,market-movers,Large Cap Top Losers,Review Risk,1799,1813.3,-0.79,0,0,10377276,1.08,,Post-close segmented top loser by daily change percent
2026-06-09,"9 Jun 2026, 7:18:16 pm",market-close,INFOSYS LIMITED,INFY,loser,market-movers,Large Cap Top Losers,Review Risk,1180.3,1187.6,-0.61,0,0,10983029,1.07,,Post-close segmented top loser by daily change percent
2026-06-09,"9 Jun 2026, 7:18:16 pm",market-close,FEDERAL BANK LTD,FEDERALBNK,gainer,market-movers,Mid Cap Top Gainers,Track,315.1,304.6,3.45,0,0,14382787,1.6,,Post-close segmented top gainer by daily change percent
2026-06-09,"9 Jun 2026, 7:18:16 pm",market-close,REC LIMITED,RECLTD,gainer,market-movers,Mid Cap Top Gainers,Track,352.1,343.4,2.53,0,0,6848871,1.38,,Post-close segmented top gainer by daily change percent
2026-06-09,"9 Jun 2026, 7:18:16 pm",market-close,THE INDIAN HOTELS CO. LTD,INDHOTEL,gainer,market-movers,Mid Cap Top Gainers,Track,666.7,652.25,2.22,0,0,1655943,1.27,,Post-close segmented top gainer by daily change percent
2026-06-09,"9 Jun 2026, 7:18:16 pm",market-close,AU SMALL FINANCE BANK LTD,AUBANK,gainer,market-movers,Mid Cap Top Gainers,Track,978.5,958.9,2.04,0,0,886589,1.27,,Post-close segmented top gainer by daily change percent
2026-06-09,"9 Jun 2026, 7:18:16 pm",market-close,VODAFONE IDEA LIMITED,IDEA,loser,market-movers,Mid Cap Top Losers,Review Risk,14.14,14.4,-1.81,0,0,957062662,1.37,,Post-close segmented top loser by daily change percent
2026-06-09,"9 Jun 2026, 7:18:16 pm",market-close,PERSISTENT SYSTEMS LTD,PERSISTENT,loser,market-movers,Mid Cap Top Losers,Review Risk,5018,5065,-0.93,0,0,438077,0.87,,Post-close segmented top loser by daily change percent
2026-06-09,"9 Jun 2026, 7:18:16 pm",market-close,COFORGE LIMITED,COFORGE,loser,market-movers,Mid Cap Top Losers,Review Risk,1412,1421.1,-0.64,0,0,1844917,0.94,,Post-close segmented top loser by daily change percent
2026-06-09,"9 Jun 2026, 7:18:16 pm",market-close,MAX HEALTHCARE INS LTD,MAXHEALTH,loser,market-movers,Mid Cap Top Losers,Review Risk,1003.1,1007.45,-0.43,0,0,3057373,0.96,,Post-close segmented top loser by daily change percent
2026-06-09,"9 Jun 2026, 7:18:16 pm",market-close,MOREPEN LAB. LTD,MOREPENLAB,gainer,market-movers,Small Cap Top Gainers,Track,48.65,42.87,13.48,0,0,50082306,2.79,,Post-close segmented top gainer by daily change percent
2026-06-09,"9 Jun 2026, 7:18:16 pm",market-close,MTAR TECHNOLOGIES LIMITED,MTARTECH,gainer,market-movers,Small Cap Top Gainers,Track,7458,7052,5.76,0,0,1560136,1.71,,Post-close segmented top gainer by daily change percent
2026-06-09,"9 Jun 2026, 7:18:16 pm",market-close,GRAVITA INDIA LIMITED,GRAVITA,gainer,market-movers,Small Cap Top Gainers,Track,1587,1544.5,2.75,0,0,100389,1.19,,Post-close segmented top gainer by daily change percent
2026-06-09,"9 Jun 2026, 7:18:16 pm",market-close,RAIL VIKAS NIGAM LIMITED,RVNL,gainer,market-movers,Small Cap Top Gainers,Track,233.89,228.23,2.48,0,0,11225494,1.5,,Post-close segmented top gainer by daily change percent
2026-06-09,"9 Jun 2026, 7:18:16 pm",market-close,DWARIKESH SUGAR IND LTD,DWARKESH,loser,market-movers,Small Cap Top Losers,Review Risk,45.44,45.76,-0.7,0,0,986322,0.98,,Post-close segmented top loser by daily change percent
2026-06-09,"9 Jun 2026, 7:18:16 pm",market-close,RAMA STEEL TUBES LIMITED,RAMASTEEL,loser,market-movers,Small Cap Top Losers,Review Risk,5.22,5.19,0.58,0,0,4836696,1.08,,Post-close segmented top loser by daily change percent
2026-06-09,"9 Jun 2026, 7:18:16 pm",market-close,SENCO GOLD LIMITED,SENCO,loser,market-movers,Small Cap Top Losers,Review Risk,345.7,343.1,0.76,0,0,255261,1.02,,Post-close segmented top loser by daily change percent
2026-06-09,"9 Jun 2026, 7:18:16 pm",market-close,NUCLEUS SOFTWARE EXPORTS,NUCLEUS,loser,market-movers,Small Cap Top Losers,Review Risk,700.8,695.4,0.78,0,0,16911,0.81,,Post-close segmented top loser by daily change percent
2026-06-10,"10 Jun 2026, 1:48:30 pm",morning,HDFC BANK LTD,HDFCBANK,expert-long-term,expert-action-matrix,Large-Cap Bluechips,Accumulate,755.2,738.35,2.28,973.92,28.96,31960561,1.46,,Expert matrix long-term upside candidate
2026-06-10,"10 Jun 2026, 1:48:30 pm",morning,ICICI BANK LTD.,ICICIBANK,expert-long-term,expert-action-matrix,Large-Cap Bluechips,Accumulate,1299.8,1275,1.95,1663.55,27.99,19606536,1.38,,Expert matrix long-term upside candidate
2026-06-10,"10 Jun 2026, 1:48:30 pm",morning,MAX HEALTHCARE INS LTD,MAXHEALTH,expert-long-term,expert-action-matrix,Large-Cap Bluechips,Accumulate,1021.8,1003.1,1.86,1289.76,26.22,2249737,1.17,,Expert matrix long-term upside candidate
2026-06-10,"10 Jun 2026, 1:48:30 pm",morning,STATE BANK OF INDIA,SBIN,expert-long-term,expert-action-matrix,Large-Cap Bluechips,Accumulate,1007.5,1002.7,0.48,1261.78,25.24,11181623,1.22,,Expert matrix long-term upside candidate
2026-06-10,"10 Jun 2026, 1:48:30 pm",morning,POWER GRID CORP. LTD.,POWERGRID,expert-long-term,expert-action-matrix,Large-Cap Bluechips,Accumulate,288.15,285.7,0.86,359.89,24.9,4675147,1.13,,Expert matrix long-term upside candidate
2026-06-10,"10 Jun 2026, 1:48:30 pm",morning,HDFC BANK LTD,HDFCBANK,expert-intraday,expert-action-matrix,Large-Cap Bluechips,Track Breakout,755.2,738.35,2.28,973.92,28.96,31960561,1.46,,Expert matrix intraday volume-shock candidate
2026-06-10,"10 Jun 2026, 1:48:30 pm",morning,ICICI BANK LTD.,ICICIBANK,expert-intraday,expert-action-matrix,Large-Cap Bluechips,Track Breakout,1299.8,1275,1.95,1663.55,27.99,19606536,1.38,,Expert matrix intraday volume-shock candidate
2026-06-10,"10 Jun 2026, 1:48:30 pm",morning,STATE BANK OF INDIA,SBIN,expert-intraday,expert-action-matrix,Large-Cap Bluechips,Track Breakout,1007.5,1002.7,0.48,1261.78,25.24,11181623,1.22,,Expert matrix intraday volume-shock candidate
2026-06-10,"10 Jun 2026, 1:48:30 pm",morning,MAX HEALTHCARE INS LTD,MAXHEALTH,expert-intraday,expert-action-matrix,Large-Cap Bluechips,Track Breakout,1021.8,1003.1,1.86,1289.76,26.22,2249737,1.17,,Expert matrix intraday volume-shock candidate
2026-06-10,"10 Jun 2026, 1:48:30 pm",morning,RELIANCE INDUSTRIES LTD,RELIANCE,expert-intraday,expert-action-matrix,Large-Cap Bluechips,Track Breakout,1270.5,1269.2,0.1,1577.23,24.14,15268489,1.13,,Expert matrix intraday volume-shock candidate
2026-06-10,"10 Jun 2026, 1:48:30 pm",morning,CUMMINS INDIA LTD,CUMMINSIND,expert-long-term,expert-action-matrix,Mid-Cap Momentum,Accumulate,5654,5625.5,0.51,6808.92,20.43,174339,0.99,,Expert matrix long-term upside candidate
2026-06-10,"10 Jun 2026, 1:48:30 pm",morning,DIXON TECHNO (INDIA) LTD,DIXON,expert-long-term,expert-action-matrix,Mid-Cap Momentum,Accumulate,11632,11611,0.18,13886.38,19.38,528300,0.9,,Expert matrix long-term upside candidate
2026-06-10,"10 Jun 2026, 1:48:30 pm",morning,POLYCAB INDIA LIMITED,POLYCAB,expert-long-term,expert-action-matrix,Mid-Cap Momentum,Accumulate,9623.5,9615.5,0.08,11463.82,19.12,303975,0.88,,Expert matrix long-term upside candidate
2026-06-10,"10 Jun 2026, 1:48:30 pm",morning,AHLUWALIA CONT IND LTD,AHLUCONT,expert-long-term,expert-action-matrix,Mid-Cap Momentum,Accumulate,791.55,797.7,-0.77,940.99,18.88,63442,0.86,,Expert matrix long-term upside candidate
2026-06-10,"10 Jun 2026, 1:48:30 pm",morning,BALAJI AMINES LIMITED,BALAMINES,expert-long-term,expert-action-matrix,Mid-Cap Momentum,Accumulate,2157.1,2242.1,-3.79,2559.18,18.64,242981,0.83,,Expert matrix long-term upside candidate
2026-06-10,"10 Jun 2026, 1:48:30 pm",morning,CUMMINS INDIA LTD,CUMMINSIND,expert-intraday,expert-action-matrix,Mid-Cap Momentum,Track Breakout,5654,5625.5,0.51,6808.92,20.43,174339,0.99,,Expert matrix intraday volume-shock candidate
2026-06-10,"10 Jun 2026, 1:48:30 pm",morning,DIXON TECHNO (INDIA) LTD,DIXON,expert-intraday,expert-action-matrix,Mid-Cap Momentum,Track Breakout,11632,11611,0.18,13886.38,19.38,528300,0.9,,Expert matrix intraday volume-shock candidate
2026-06-10,"10 Jun 2026, 1:48:30 pm",morning,POLYCAB INDIA LIMITED,POLYCAB,expert-intraday,expert-action-matrix,Mid-Cap Momentum,Track Breakout,9623.5,9615.5,0.08,11463.82,19.12,303975,0.88,,Expert matrix intraday volume-shock candidate
2026-06-10,"10 Jun 2026, 1:48:30 pm",morning,AHLUWALIA CONT IND LTD,AHLUCONT,expert-intraday,expert-action-matrix,Mid-Cap Momentum,Track Breakout,791.55,797.7,-0.77,940.99,18.88,63442,0.86,,Expert matrix intraday volume-shock candidate
2026-06-10,"10 Jun 2026, 1:48:30 pm",morning,BALAJI AMINES LIMITED,BALAMINES,expert-intraday,expert-action-matrix,Mid-Cap Momentum,Track Breakout,2157.1,2242.1,-3.79,2559.18,18.64,242981,0.83,,Expert matrix intraday volume-shock candidate
2026-06-10,"10 Jun 2026, 1:48:30 pm",morning,MOREPEN LAB. LTD,MOREPENLAB,expert-long-term,expert-action-matrix,Small-Cap Alpha,Accumulate,50.31,48.65,3.41,65.65,30.49,41557441,1.51,,Expert matrix long-term upside candidate
2026-06-10,"10 Jun 2026, 1:48:30 pm",morning,SUZLON ENERGY LIMITED,SUZLON,expert-long-term,expert-action-matrix,Small-Cap Alpha,Accumulate,54.93,55.23,-0.54,68.53,24.76,26851640,1.22,,Expert matrix long-term upside candidate
2026-06-10,"10 Jun 2026, 1:48:30 pm",morning,RAIL VIKAS NIGAM LIMITED,RVNL,expert-long-term,expert-action-matrix,Small-Cap Alpha,Accumulate,230.72,233.89,-1.36,285.82,23.88,3088023,1.11,,Expert matrix long-term upside candidate
2026-06-10,"10 Jun 2026, 1:48:30 pm",morning,INDIAN RENEWABLE ENERGY,IREDA,expert-long-term,expert-action-matrix,Small-Cap Alpha,Accumulate,121.3,122.47,-0.96,149.78,23.48,2455605,1.06,,Expert matrix long-term upside candidate
2026-06-10,"10 Jun 2026, 1:48:30 pm",morning,DWARIKESH SUGAR IND LTD,DWARKESH,expert-long-term,expert-action-matrix,Small-Cap Alpha,Accumulate,43.93,45.44,-3.32,53.82,22.52,569159,0.94,,Expert matrix long-term upside candidate
2026-06-10,"10 Jun 2026, 1:48:30 pm",morning,MOREPEN LAB. LTD,MOREPENLAB,expert-intraday,expert-action-matrix,Small-Cap Alpha,Track Breakout,50.31,48.65,3.41,65.65,30.49,41557441,1.51,,Expert matrix intraday volume-shock candidate
2026-06-10,"10 Jun 2026, 1:48:30 pm",morning,SUZLON ENERGY LIMITED,SUZLON,expert-intraday,expert-action-matrix,Small-Cap Alpha,Track Breakout,54.93,55.23,-0.54,68.53,24.76,26851640,1.22,,Expert matrix intraday volume-shock candidate
2026-06-10,"10 Jun 2026, 1:48:30 pm",morning,RAIL VIKAS NIGAM LIMITED,RVNL,expert-intraday,expert-action-matrix,Small-Cap Alpha,Track Breakout,230.72,233.89,-1.36,285.82,23.88,3088023,1.11,,Expert matrix intraday volume-shock candidate
2026-06-10,"10 Jun 2026, 1:48:30 pm",morning,INDIAN RENEWABLE ENERGY,IREDA,expert-intraday,expert-action-matrix,Small-Cap Alpha,Track Breakout,121.3,122.47,-0.96,149.78,23.48,2455605,1.06,,Expert matrix intraday volume-shock candidate
2026-06-10,"10 Jun 2026, 1:48:30 pm",morning,DWARIKESH SUGAR IND LTD,DWARKESH,expert-intraday,expert-action-matrix,Small-Cap Alpha,Track Breakout,43.93,45.44,-3.32,53.82,22.52,569159,0.94,,Expert matrix intraday volume-shock candidate
2026-06-10,"10 Jun 2026, 1:48:30 pm",morning,NIP IND ETF JUNIOR BEES,JUNIORBEES,expert-long-term,expert-action-matrix,ETFs & Index BeES,Accumulate,753.25,755.35,-0.28,813.51,8,145611,0.91,,Expert matrix long-term upside candidate
2026-06-10,"10 Jun 2026, 1:48:30 pm",morning,NIP IND ETF IT,ITBEES,expert-long-term,expert-action-matrix,ETFs & Index BeES,Accumulate,31.61,31.68,-0.22,34.14,8,7354782,1.05,,Expert matrix long-term upside candidate
2026-06-10,"10 Jun 2026, 1:48:30 pm",morning,NIP IND ETF NIFTY BEES,NIFTYBEES,expert-long-term,expert-action-matrix,ETFs & Index BeES,Accumulate,264.78,263.88,0.34,285.96,8,3616693,1.14,,Expert matrix long-term upside candidate
2026-06-10,"10 Jun 2026, 1:48:30 pm",morning,NIP IND ETF GOLD BEES,GOLDBEES,expert-long-term,expert-action-matrix,ETFs & Index BeES,Accumulate,121.19,125.39,-3.35,130.89,8,34870607,1.19,,Expert matrix long-term upside candidate
2026-06-10,"10 Jun 2026, 1:48:30 pm",morning,NIPPONAMC - NETFAUTO,AUTOBEES,expert-long-term,expert-action-matrix,ETFs & Index BeES,Accumulate,267.7,267.68,0.01,289.12,8,49919,0.78,,Expert matrix long-term upside candidate
2026-06-10,"10 Jun 2026, 1:48:30 pm",morning,NIP IND ETF GOLD BEES,GOLDBEES,expert-intraday,expert-action-matrix,ETFs & Index BeES,Track Breakout,121.19,125.39,-3.35,130.89,8,34870607,1.19,,Expert matrix intraday volume-shock candidate
2026-06-10,"10 Jun 2026, 1:48:30 pm",morning,NIP IND ETF NIFTY BEES,NIFTYBEES,expert-intraday,expert-action-matrix,ETFs & Index BeES,Track Breakout,264.78,263.88,0.34,285.96,8,3616693,1.14,,Expert matrix intraday volume-shock candidate
2026-06-10,"10 Jun 2026, 1:48:30 pm",morning,NIP IND ETF IT,ITBEES,expert-intraday,expert-action-matrix,ETFs & Index BeES,Track Breakout,31.61,31.68,-0.22,34.14,8,7354782,1.05,,Expert matrix intraday volume-shock candidate
2026-06-10,"10 Jun 2026, 1:48:30 pm",morning,NIP IND ETF JUNIOR BEES,JUNIORBEES,expert-intraday,expert-action-matrix,ETFs & Index BeES,Track Breakout,753.25,755.35,-0.28,813.51,8,145611,0.91,,Expert matrix intraday volume-shock candidate
2026-06-10,"10 Jun 2026, 1:48:30 pm",morning,NIP IND ETF BANK BEES,BANKBEES,expert-intraday,expert-action-matrix,ETFs & Index BeES,Track Breakout,571.7,569.3,0.42,617.44,8,749552,0.9,,Expert matrix intraday volume-shock candidate
2026-06-10,"10 Jun 2026, 1:48:30 pm",morning,HDFC BANK LTD,HDFCBANK,portfolio-short-term,portfolio-analysis,Short-Term Buy/Sell Analysis,Accumulate,755.2,738.35,2.28,0,0,31960561,1.46,public/portfolio.csv,Repo portfolio management signal from uploaded-format seed file
2026-06-10,"10 Jun 2026, 1:48:30 pm",morning,ICICI BANK LTD.,ICICIBANK,portfolio-short-term,portfolio-analysis,Short-Term Buy/Sell Analysis,Accumulate,1299.8,1275,1.95,0,0,19606536,1.38,public/portfolio.csv,Repo portfolio management signal from uploaded-format seed file
2026-06-10,"10 Jun 2026, 1:48:30 pm",morning,SUN PHARMACEUTICAL IND L,SUNPHARMA,portfolio-short-term,portfolio-analysis,Short-Term Buy/Sell Analysis,Accumulate,1790.5,1779,0.65,0,0,963203,0.97,public/portfolio.csv,Repo portfolio management signal from uploaded-format seed file
2026-06-10,"10 Jun 2026, 1:48:30 pm",morning,TATA CONSULTANCY SERV LT,TCS,portfolio-short-term,portfolio-analysis,Short-Term Buy/Sell Analysis,Accumulate,2163.2,2151,0.57,0,0,1956921,1.03,public/portfolio.csv,Repo portfolio management signal from uploaded-format seed file
2026-06-10,"10 Jun 2026, 1:48:30 pm",morning,MARUTI SUZUKI INDIA LTD.,MARUTI,portfolio-short-term,portfolio-analysis,Short-Term Buy/Sell Analysis,Accumulate,13167,13120,0.36,0,0,130873,0.88,public/portfolio.csv,Repo portfolio management signal from uploaded-format seed file
2026-06-10,"10 Jun 2026, 1:48:30 pm",morning,HDFC BANK LTD,HDFCBANK,portfolio-long-term,portfolio-analysis,Long-Term Buy/Sell Plan,Accumulate,755.2,738.35,2.28,973.92,28.96,31960561,1.46,public/portfolio.csv,Repo portfolio management signal from uploaded-format seed file
2026-06-10,"10 Jun 2026, 1:48:30 pm",morning,ICICI BANK LTD.,ICICIBANK,portfolio-long-term,portfolio-analysis,Long-Term Buy/Sell Plan,Accumulate,1299.8,1275,1.95,1663.55,27.99,19606536,1.38,public/portfolio.csv,Repo portfolio management signal from uploaded-format seed file
2026-06-10,"10 Jun 2026, 1:48:30 pm",morning,RELIANCE INDUSTRIES LTD,RELIANCE,portfolio-long-term,portfolio-analysis,Long-Term Buy/Sell Plan,Accumulate,1270.5,1269.2,0.1,1577.23,24.14,15268489,1.13,public/portfolio.csv,Repo portfolio management signal from uploaded-format seed file
2026-06-10,"10 Jun 2026, 1:48:30 pm",morning,TATA CONSULTANCY SERV LT,TCS,portfolio-long-term,portfolio-analysis,Long-Term Buy/Sell Plan,Accumulate,2163.2,2151,0.57,2678.2,23.81,1956921,1.03,public/portfolio.csv,Repo portfolio management signal from uploaded-format seed file
2026-06-10,"10 Jun 2026, 1:48:30 pm",morning,INFOSYS LIMITED,INFY,portfolio-long-term,portfolio-analysis,Long-Term Buy/Sell Plan,Accumulate,1150.5,1180.3,-2.52,1417.88,23.24,5837247,1.03,public/portfolio.csv,Repo portfolio management signal from uploaded-format seed file
2026-06-10,"10 Jun 2026, 7:59:17 pm",market-close,AXIS BANK LIMITED,AXISBANK,gainer,market-movers,Large Cap Top Gainers,Track,1314.5,1292.4,1.71,0,0,12262515,1.27,,Post-close segmented top gainer by daily change percent
2026-06-10,"10 Jun 2026, 7:59:17 pm",market-close,KOTAK MAHINDRA BANK LTD,KOTAKBANK,gainer,market-movers,Large Cap Top Gainers,Track,388.1,381.7,1.68,0,0,21427249,1.42,,Post-close segmented top gainer by daily change percent
2026-06-10,"10 Jun 2026, 7:59:17 pm",market-close,ICICI BANK LTD.,ICICIBANK,gainer,market-movers,Large Cap Top Gainers,Track,1293.3,1275,1.44,0,0,25949780,1.34,,Post-close segmented top gainer by daily change percent
2026-06-10,"10 Jun 2026, 7:59:17 pm",market-close,ITC LTD,ITC,gainer,market-movers,Large Cap Top Gainers,Track,283.65,280,1.3,0,0,19820835,1.36,,Post-close segmented top gainer by daily change percent
2026-06-10,"10 Jun 2026, 7:59:17 pm",market-close,INFOSYS LIMITED,INFY,loser,market-movers,Large Cap Top Losers,Review Risk,1145.3,1180.3,-2.97,0,0,8885958,1.05,,Post-close segmented top loser by daily change percent
2026-06-10,"10 Jun 2026, 7:59:17 pm",market-close,TITAN COMPANY LIMITED,TITAN,loser,market-movers,Large Cap Top Losers,Review Risk,4042.1,4104.9,-1.53,0,0,613590,0.87,,Post-close segmented top loser by daily change percent
2026-06-10,"10 Jun 2026, 7:59:17 pm",market-close,BHARTI AIRTEL LIMITED,BHARTIARTL,loser,market-movers,Large Cap Top Losers,Review Risk,1775.2,1799,-1.32,0,0,7999169,1.07,,Post-close segmented top loser by daily change percent
2026-06-10,"10 Jun 2026, 7:59:17 pm",market-close,NTPC LTD,NTPC,loser,market-movers,Large Cap Top Losers,Review Risk,351.65,355.65,-1.12,0,0,14939196,1.07,,Post-close segmented top loser by daily change percent
2026-06-10,"10 Jun 2026, 7:59:17 pm",market-close,MAX HEALTHCARE INS LTD,MAXHEALTH,gainer,market-movers,Mid Cap Top Gainers,Track,1010.1,1003.1,0.7,0,0,3028270,1.04,,Post-close segmented top gainer by daily change percent
2026-06-10,"10 Jun 2026, 7:59:17 pm",market-close,THE INDIAN HOTELS CO. LTD,INDHOTEL,gainer,market-movers,Mid Cap Top Gainers,Track,665.85,666.7,-0.13,0,0,2263396,1.01,,Post-close segmented top gainer by daily change percent
2026-06-10,"10 Jun 2026, 7:59:17 pm",market-close,CUMMINS INDIA LTD,CUMMINSIND,gainer,market-movers,Mid Cap Top Gainers,Track,5609.5,5625.5,-0.28,0,0,276866,0.96,,Post-close segmented top gainer by daily change percent
2026-06-10,"10 Jun 2026, 7:59:17 pm",market-close,COFORGE LIMITED,COFORGE,gainer,market-movers,Mid Cap Top Gainers,Track,1402.7,1412,-0.66,0,0,1190370,0.91,,Post-close segmented top gainer by daily change percent
2026-06-10,"10 Jun 2026, 7:59:17 pm",market-close,BALKRISHNA IND. LTD,BALKRISIND,loser,market-movers,Mid Cap Top Losers,Review Risk,2083.2,2127.8,-2.1,0,0,134750,0.9,,Post-close segmented top loser by daily change percent
2026-06-10,"10 Jun 2026, 7:59:17 pm",market-close,AU SMALL FINANCE BANK LTD,AUBANK,loser,market-movers,Mid Cap Top Losers,Review Risk,959.2,978.5,-1.97,0,0,1740578,1.05,,Post-close segmented top loser by daily change percent
2026-06-10,"10 Jun 2026, 7:59:17 pm",market-close,VODAFONE IDEA LIMITED,IDEA,loser,market-movers,Mid Cap Top Losers,Review Risk,13.88,14.14,-1.84,0,0,739416205,1.36,,Post-close segmented top loser by daily change percent
2026-06-10,"10 Jun 2026, 7:59:17 pm",market-close,MPHASIS LIMITED,MPHASIS,loser,market-movers,Mid Cap Top Losers,Review Risk,2297.8,2340.5,-1.82,0,0,317808,0.8,,Post-close segmented top loser by daily change percent
2026-06-10,"10 Jun 2026, 7:59:17 pm",market-close,NUCLEUS SOFTWARE EXPORTS,NUCLEUS,gainer,market-movers,Small Cap Top Gainers,Track,802.85,700.8,14.56,0,0,2256909,2.84,,Post-close segmented top gainer by daily change percent
2026-06-10,"10 Jun 2026, 7:59:17 pm",market-close,MOREPEN LAB. LTD,MOREPENLAB,gainer,market-movers,Small Cap Top Gainers,Track,49.37,48.65,1.48,0,0,49654382,1.28,,Post-close segmented top gainer by daily change percent
2026-06-10,"10 Jun 2026, 7:59:17 pm",market-close,BEML LIMITED,BEML,gainer,market-movers,Small Cap Top Gainers,Track,1770.6,1764.2,0.36,0,0,232542,0.84,,Post-close segmented top gainer by daily change percent
2026-06-10,"10 Jun 2026, 7:59:17 pm",market-close,RAMA STEEL TUBES LIMITED,RAMASTEEL,gainer,market-movers,Small Cap Top Gainers,Track,5.21,5.22,-0.19,0,0,5913229,1.02,,Post-close segmented top gainer by daily change percent
2026-06-10,"10 Jun 2026, 7:59:17 pm",market-close,MTAR TECHNOLOGIES LIMITED,MTARTECH,loser,market-movers,Small Cap Top Losers,Review Risk,7106.5,7458,-4.71,0,0,1215296,0.98,,Post-close segmented top loser by daily change percent
2026-06-10,"10 Jun 2026, 7:59:17 pm",market-close,SENCO GOLD LIMITED,SENCO,loser,market-movers,Small Cap Top Losers,Review Risk,330.2,345.7,-4.48,0,0,730247,0.99,,Post-close segmented top loser by daily change percent
2026-06-10,"10 Jun 2026, 7:59:17 pm",market-close,DWARIKESH SUGAR IND LTD,DWARKESH,loser,market-movers,Small Cap Top Losers,Review Risk,43.58,45.44,-4.09,0,0,759456,0.96,,Post-close segmented top loser by daily change percent
2026-06-10,"10 Jun 2026, 7:59:17 pm",market-close,GUJ IND POW CO. LTD,GIPCL,loser,market-movers,Small Cap Top Losers,Review Risk,160.21,166.28,-3.65,0,0,368055,0.86,,Post-close segmented top loser by daily change percent
2026-06-11,"11 Jun 2026, 2:25:57 pm",morning,ICICI BANK LTD.,ICICIBANK,expert-long-term,expert-action-matrix,Large-Cap Bluechips,Accumulate,1320.8,1293.3,2.13,1698.1,28.57,27478630,1.43,,Expert matrix long-term upside candidate
2026-06-11,"11 Jun 2026, 2:25:57 pm",morning,RELIANCE INDUSTRIES LTD,RELIANCE,expert-long-term,expert-action-matrix,Large-Cap Bluechips,Accumulate,1267.2,1258.8,0.67,1583.33,24.95,8329590,1.16,,Expert matrix long-term upside candidate
2026-06-11,"11 Jun 2026, 2:25:57 pm",morning,STATE BANK OF INDIA,SBIN,expert-long-term,expert-action-matrix,Large-Cap Bluechips,Accumulate,1005.1,1003.25,0.18,1251.8,24.54,9681905,1.17,,Expert matrix long-term upside candidate
2026-06-11,"11 Jun 2026, 2:25:57 pm",morning,HDFC BANK LTD,HDFCBANK,expert-long-term,expert-action-matrix,Large-Cap Bluechips,Accumulate,747.55,746.85,0.09,929.76,24.37,21504148,1.16,,Expert matrix long-term upside candidate
2026-06-11,"11 Jun 2026, 2:25:57 pm",morning,BHARTI AIRTEL LIMITED,BHARTIARTL,expert-long-term,expert-action-matrix,Large-Cap Bluechips,Accumulate,1782.9,1775.2,0.43,2209.26,23.91,2961019,1.06,,Expert matrix long-term upside candidate
2026-06-11,"11 Jun 2026, 2:25:57 pm",morning,ICICI BANK LTD.,ICICIBANK,expert-intraday,expert-action-matrix,Large-Cap Bluechips,Track Breakout,1320.8,1293.3,2.13,1698.1,28.57,27478630,1.43,,Expert matrix intraday volume-shock candidate
2026-06-11,"11 Jun 2026, 2:25:57 pm",morning,STATE BANK OF INDIA,SBIN,expert-intraday,expert-action-matrix,Large-Cap Bluechips,Track Breakout,1005.1,1003.25,0.18,1251.8,24.54,9681905,1.17,,Expert matrix intraday volume-shock candidate
2026-06-11,"11 Jun 2026, 2:25:57 pm",morning,RELIANCE INDUSTRIES LTD,RELIANCE,expert-intraday,expert-action-matrix,Large-Cap Bluechips,Track Breakout,1267.2,1258.8,0.67,1583.33,24.95,8329590,1.16,,Expert matrix intraday volume-shock candidate
2026-06-11,"11 Jun 2026, 2:25:57 pm",morning,HDFC BANK LTD,HDFCBANK,expert-intraday,expert-action-matrix,Large-Cap Bluechips,Track Breakout,747.55,746.85,0.09,929.76,24.37,21504148,1.16,,Expert matrix intraday volume-shock candidate
2026-06-11,"11 Jun 2026, 2:25:57 pm",morning,PATANJALI FOODS LIMITED,PATANJALI,expert-intraday,expert-action-matrix,Large-Cap Bluechips,Track Breakout,418.3,419.6,-0.31,517.19,23.64,3927267,1.08,,Expert matrix intraday volume-shock candidate
2026-06-11,"11 Jun 2026, 2:25:57 pm",morning,CUMMINS INDIA LTD,CUMMINSIND,expert-long-term,expert-action-matrix,Mid-Cap Momentum,Accumulate,5575.5,5609.5,-0.61,6659.38,19.44,184376,0.93,,Expert matrix long-term upside candidate
2026-06-11,"11 Jun 2026, 2:25:57 pm",morning,PERSISTENT SYSTEMS LTD,PERSISTENT,expert-long-term,expert-action-matrix,Mid-Cap Momentum,Accumulate,4838.5,4928,-1.82,5759.75,19.04,592764,0.88,,Expert matrix long-term upside candidate
2026-06-11,"11 Jun 2026, 2:25:57 pm",morning,DIXON TECHNO (INDIA) LTD,DIXON,expert-long-term,expert-action-matrix,Mid-Cap Momentum,Accumulate,11374,11487,-0.98,13503.21,18.72,284349,0.84,,Expert matrix long-term upside candidate
2026-06-11,"11 Jun 2026, 2:25:57 pm",morning,BALAJI AMINES LIMITED,BALAMINES,expert-long-term,expert-action-matrix,Mid-Cap Momentum,Accumulate,2052.8,2131.1,-3.67,2437.08,18.72,269085,0.84,,Expert matrix long-term upside candidate
2026-06-11,"11 Jun 2026, 2:25:57 pm",morning,POLYCAB INDIA LIMITED,POLYCAB,expert-long-term,expert-action-matrix,Mid-Cap Momentum,Accumulate,9408,9523.5,-1.21,11146.6,18.48,109433,0.81,,Expert matrix long-term upside candidate
2026-06-11,"11 Jun 2026, 2:25:57 pm",morning,CUMMINS INDIA LTD,CUMMINSIND,expert-intraday,expert-action-matrix,Mid-Cap Momentum,Track Breakout,5575.5,5609.5,-0.61,6659.38,19.44,184376,0.93,,Expert matrix intraday volume-shock candidate
2026-06-11,"11 Jun 2026, 2:25:57 pm",morning,PERSISTENT SYSTEMS LTD,PERSISTENT,expert-intraday,expert-action-matrix,Mid-Cap Momentum,Track Breakout,4838.5,4928,-1.82,5759.75,19.04,592764,0.88,,Expert matrix intraday volume-shock candidate
2026-06-11,"11 Jun 2026, 2:25:57 pm",morning,BALAJI AMINES LIMITED,BALAMINES,expert-intraday,expert-action-matrix,Mid-Cap Momentum,Track Breakout,2052.8,2131.1,-3.67,2437.08,18.72,269085,0.84,,Expert matrix intraday volume-shock candidate
2026-06-11,"11 Jun 2026, 2:25:57 pm",morning,DIXON TECHNO (INDIA) LTD,DIXON,expert-intraday,expert-action-matrix,Mid-Cap Momentum,Track Breakout,11374,11487,-0.98,13503.21,18.72,284349,0.84,,Expert matrix intraday volume-shock candidate
2026-06-11,"11 Jun 2026, 2:25:57 pm",morning,POLYCAB INDIA LIMITED,POLYCAB,expert-intraday,expert-action-matrix,Mid-Cap Momentum,Track Breakout,9408,9523.5,-1.21,11146.6,18.48,109433,0.81,,Expert matrix intraday volume-shock candidate
2026-06-11,"11 Jun 2026, 2:25:57 pm",morning,DWARIKESH SUGAR IND LTD,DWARKESH,expert-long-term,expert-action-matrix,Small-Cap Alpha,Accumulate,44.41,43.58,1.9,56.25,26.66,1138612,1.22,,Expert matrix long-term upside candidate
2026-06-11,"11 Jun 2026, 2:25:57 pm",morning,SUZLON ENERGY LIMITED,SUZLON,expert-long-term,expert-action-matrix,Small-Cap Alpha,Accumulate,53.44,54.08,-1.18,66.71,24.84,30283235,1.23,,Expert matrix long-term upside candidate
2026-06-11,"11 Jun 2026, 2:25:57 pm",morning,RAIL VIKAS NIGAM LIMITED,RVNL,expert-long-term,expert-action-matrix,Small-Cap Alpha,Accumulate,223.05,228.17,-2.24,276.49,23.96,3921588,1.12,,Expert matrix long-term upside candidate
2026-06-11,"11 Jun 2026, 2:25:57 pm",morning,INDIAN RENEWABLE ENERGY,IREDA,expert-long-term,expert-action-matrix,Small-Cap Alpha,Accumulate,118.13,120.58,-2.03,146.06,23.64,3394892,1.08,,Expert matrix long-term upside candidate
2026-06-11,"11 Jun 2026, 2:25:57 pm",morning,MOREPEN LAB. LTD,MOREPENLAB,expert-long-term,expert-action-matrix,Small-Cap Alpha,Accumulate,47.2,49.37,-4.4,58.02,22.92,9209314,0.99,,Expert matrix long-term upside candidate
2026-06-11,"11 Jun 2026, 2:25:57 pm",morning,SUZLON ENERGY LIMITED,SUZLON,expert-intraday,expert-action-matrix,Small-Cap Alpha,Track Breakout,53.44,54.08,-1.18,66.71,24.84,30283235,1.23,,Expert matrix intraday volume-shock candidate
2026-06-11,"11 Jun 2026, 2:25:57 pm",morning,DWARIKESH SUGAR IND LTD,DWARKESH,expert-intraday,expert-action-matrix,Small-Cap Alpha,Track Breakout,44.41,43.58,1.9,56.25,26.66,1138612,1.22,,Expert matrix intraday volume-shock candidate
2026-06-11,"11 Jun 2026, 2:25:57 pm",morning,RAIL VIKAS NIGAM LIMITED,RVNL,expert-intraday,expert-action-matrix,Small-Cap Alpha,Track Breakout,223.05,228.17,-2.24,276.49,23.96,3921588,1.12,,Expert matrix intraday volume-shock candidate
2026-06-11,"11 Jun 2026, 2:25:57 pm",morning,INDIAN RENEWABLE ENERGY,IREDA,expert-intraday,expert-action-matrix,Small-Cap Alpha,Track Breakout,118.13,120.58,-2.03,146.06,23.64,3394892,1.08,,Expert matrix intraday volume-shock candidate
2026-06-11,"11 Jun 2026, 2:25:57 pm",morning,MOREPEN LAB. LTD,MOREPENLAB,expert-intraday,expert-action-matrix,Small-Cap Alpha,Track Breakout,47.2,49.37,-4.4,58.02,22.92,9209314,0.99,,Expert matrix intraday volume-shock candidate
2026-06-11,"11 Jun 2026, 2:25:57 pm",morning,NIPPONAMC - NETFAUTO,AUTOBEES,expert-long-term,expert-action-matrix,ETFs & Index BeES,Accumulate,266.07,265.78,0.11,287.36,8,61509,0.81,,Expert matrix long-term upside candidate
2026-06-11,"11 Jun 2026, 2:25:57 pm",morning,NIP IND ETF NIFTY BEES,NIFTYBEES,expert-long-term,expert-action-matrix,ETFs & Index BeES,Accumulate,263.24,263.08,0.06,284.3,8,4979459,1.12,,Expert matrix long-term upside candidate
2026-06-11,"11 Jun 2026, 2:25:57 pm",morning,NIP IND ETF GOLD BEES,GOLDBEES,expert-long-term,expert-action-matrix,ETFs & Index BeES,Accumulate,119.16,121.15,-1.64,128.69,8,35893222,1.19,,Expert matrix long-term upside candidate
2026-06-11,"11 Jun 2026, 2:25:57 pm",morning,NIP IND ETF IT,ITBEES,expert-long-term,expert-action-matrix,ETFs & Index BeES,Accumulate,30.88,31.42,-1.72,33.35,8,16593629,1.1,,Expert matrix long-term upside candidate
2026-06-11,"11 Jun 2026, 2:25:57 pm",morning,NIP IND ETF BANK BEES,BANKBEES,expert-long-term,expert-action-matrix,ETFs & Index BeES,Accumulate,570,567.99,0.35,615.6,8,812818,0.9,,Expert matrix long-term upside candidate
2026-06-11,"11 Jun 2026, 2:25:57 pm",morning,NIP IND ETF GOLD BEES,GOLDBEES,expert-intraday,expert-action-matrix,ETFs & Index BeES,Track Breakout,119.16,121.15,-1.64,128.69,8,35893222,1.19,,Expert matrix intraday volume-shock candidate
2026-06-11,"11 Jun 2026, 2:25:57 pm",morning,NIP IND ETF NIFTY BEES,NIFTYBEES,expert-intraday,expert-action-matrix,ETFs & Index BeES,Track Breakout,263.24,263.08,0.06,284.3,8,4979459,1.12,,Expert matrix intraday volume-shock candidate
2026-06-11,"11 Jun 2026, 2:25:57 pm",morning,NIP IND ETF IT,ITBEES,expert-intraday,expert-action-matrix,ETFs & Index BeES,Track Breakout,30.88,31.42,-1.72,33.35,8,16593629,1.1,,Expert matrix intraday volume-shock candidate
2026-06-11,"11 Jun 2026, 2:25:57 pm",morning,NIP IND ETF JUNIOR BEES,JUNIORBEES,expert-intraday,expert-action-matrix,ETFs & Index BeES,Track Breakout,738.97,746.62,-1.02,798.09,8,205140,0.93,,Expert matrix intraday volume-shock candidate
2026-06-11,"11 Jun 2026, 2:25:57 pm",morning,NIP IND ETF BANK BEES,BANKBEES,expert-intraday,expert-action-matrix,ETFs & Index BeES,Track Breakout,570,567.99,0.35,615.6,8,812818,0.9,,Expert matrix intraday volume-shock candidate
2026-06-11,"11 Jun 2026, 2:25:57 pm",morning,ICICI BANK LTD.,ICICIBANK,portfolio-short-term,portfolio-analysis,Short-Term Buy/Sell Analysis,Accumulate,1320.8,1293.3,2.13,0,0,27478630,1.43,public/portfolio.csv,Repo portfolio management signal from uploaded-format seed file
2026-06-11,"11 Jun 2026, 2:25:57 pm",morning,RELIANCE INDUSTRIES LTD,RELIANCE,portfolio-short-term,portfolio-analysis,Short-Term Buy/Sell Analysis,Accumulate,1267.2,1258.8,0.67,0,0,8329590,1.16,public/portfolio.csv,Repo portfolio management signal from uploaded-format seed file
2026-06-11,"11 Jun 2026, 2:25:57 pm",morning,MARUTI SUZUKI INDIA LTD.,MARUTI,portfolio-short-term,portfolio-analysis,Short-Term Buy/Sell Analysis,Accumulate,13151,13073,0.6,0,0,207589,0.93,public/portfolio.csv,Repo portfolio management signal from uploaded-format seed file
2026-06-11,"11 Jun 2026, 2:25:57 pm",morning,SUN PHARMACEUTICAL IND L,SUNPHARMA,portfolio-short-term,portfolio-analysis,Short-Term Buy/Sell Analysis,Accumulate,1793.8,1786.4,0.41,0,0,1206795,0.95,public/portfolio.csv,Repo portfolio management signal from uploaded-format seed file
2026-06-11,"11 Jun 2026, 2:25:57 pm",morning,HDFC BANK LTD,HDFCBANK,portfolio-short-term,portfolio-analysis,Short-Term Buy/Sell Analysis,Accumulate,747.55,746.85,0.09,0,0,21504148,1.16,public/portfolio.csv,Repo portfolio management signal from uploaded-format seed file
2026-06-11,"11 Jun 2026, 2:25:57 pm",morning,ICICI BANK LTD.,ICICIBANK,portfolio-long-term,portfolio-analysis,Long-Term Buy/Sell Plan,Accumulate,1320.8,1293.3,2.13,1698.1,28.57,27478630,1.43,public/portfolio.csv,Repo portfolio management signal from uploaded-format seed file
2026-06-11,"11 Jun 2026, 2:25:57 pm",morning,RELIANCE INDUSTRIES LTD,RELIANCE,portfolio-long-term,portfolio-analysis,Long-Term Buy/Sell Plan,Accumulate,1267.2,1258.8,0.67,1583.33,24.95,8329590,1.16,public/portfolio.csv,Repo portfolio management signal from uploaded-format seed file
2026-06-11,"11 Jun 2026, 2:25:57 pm",morning,HDFC BANK LTD,HDFCBANK,portfolio-long-term,portfolio-analysis,Long-Term Buy/Sell Plan,Accumulate,747.55,746.85,0.09,929.76,24.37,21504148,1.16,public/portfolio.csv,Repo portfolio management signal from uploaded-format seed file
2026-06-11,"11 Jun 2026, 2:25:57 pm",morning,INFOSYS LIMITED,INFY,portfolio-long-term,portfolio-analysis,Long-Term Buy/Sell Plan,Accumulate,1116.1,1145.3,-2.55,1375.48,23.24,6681605,1.03,public/portfolio.csv,Repo portfolio management signal from uploaded-format seed file
2026-06-11,"11 Jun 2026, 2:25:57 pm",morning,TATA CONSULTANCY SERV LT,TCS,portfolio-long-term,portfolio-analysis,Long-Term Buy/Sell Plan,Accumulate,2136.7,2153.9,-0.8,2623.01,22.76,2329124,0.97,public/portfolio.csv,Repo portfolio management signal from uploaded-format seed file
2026-06-11,"11 Jun 2026, 8:24:02 pm",market-close,ICICI BANK LTD.,ICICIBANK,gainer,market-movers,Large Cap Top Gainers,Track,1317,1293.3,1.83,0,0,35909126,1.41,,Post-close segmented top gainer by daily change percent
2026-06-11,"11 Jun 2026, 8:24:02 pm",market-close,KOTAK MAHINDRA BANK LTD,KOTAKBANK,gainer,market-movers,Large Cap Top Gainers,Track,393.35,388.1,1.35,0,0,16134342,1.36,,Post-close segmented top gainer by daily change percent
2026-06-11,"11 Jun 2026, 8:24:02 pm",market-close,SUN PHARMACEUTICAL IND L,SUNPHARMA,gainer,market-movers,Large Cap Top Gainers,Track,1794.2,1786.4,0.44,0,0,1858019,0.98,,Post-close segmented top gainer by daily change percent
2026-06-11,"11 Jun 2026, 8:24:02 pm",market-close,BHARTI AIRTEL LIMITED,BHARTIARTL,gainer,market-movers,Large Cap Top Gainers,Track,1782.6,1775.2,0.42,0,0,5020574,1.09,,Post-close segmented top gainer by daily change percent
2026-06-11,"11 Jun 2026, 8:24:02 pm",market-close,INFOSYS LIMITED,INFY,loser,market-movers,Large Cap Top Losers,Review Risk,1114.6,1145.3,-2.68,0,0,9370050,1.06,,Post-close segmented top loser by daily change percent
2026-06-11,"11 Jun 2026, 8:24:02 pm",market-close,BAJAJ FINANCE LIMITED,BAJFINANCE,loser,market-movers,Large Cap Top Losers,Review Risk,870.55,884.1,-1.53,0,0,5190809,0.98,,Post-close segmented top loser by daily change percent
2026-06-11,"11 Jun 2026, 8:24:02 pm",market-close,LARSEN & TOUBRO LTD.,LT,loser,market-movers,Large Cap Top Losers,Review Risk,3862,3917.5,-1.42,0,0,2224056,0.99,,Post-close segmented top loser by daily change percent
2026-06-11,"11 Jun 2026, 8:24:02 pm",market-close,TATA CONSULTANCY SERV LT,TCS,loser,market-movers,Large Cap Top Losers,Review Risk,2135.6,2153.9,-0.85,0,0,3079260,0.99,,Post-close segmented top loser by daily change percent
2026-06-11,"11 Jun 2026, 8:24:02 pm",market-close,VODAFONE IDEA LIMITED,IDEA,gainer,market-movers,Mid Cap Top Gainers,Track,14.17,13.88,2.09,0,0,802383876,1.62,,Post-close segmented top gainer by daily change percent
2026-06-11,"11 Jun 2026, 8:24:02 pm",market-close,LUPIN LIMITED,LUPIN,gainer,market-movers,Mid Cap Top Gainers,Track,2273.3,2247.2,1.16,0,0,1038337,1.12,,Post-close segmented top gainer by daily change percent
2026-06-11,"11 Jun 2026, 8:24:02 pm",market-close,AU SMALL FINANCE BANK LTD,AUBANK,gainer,market-movers,Mid Cap Top Gainers,Track,963.3,959.2,0.43,0,0,1515780,1.1,,Post-close segmented top gainer by daily change percent
2026-06-11,"11 Jun 2026, 8:24:02 pm",market-close,MAX HEALTHCARE INS LTD,MAXHEALTH,gainer,market-movers,Mid Cap Top Gainers,Track,1009.6,1010.1,-0.05,0,0,1833979,0.92,,Post-close segmented top gainer by daily change percent
2026-06-11,"11 Jun 2026, 8:24:02 pm",market-close,BALKRISHNA IND. LTD,BALKRISIND,loser,market-movers,Mid Cap Top Losers,Review Risk,1974,2083.2,-5.24,0,0,233910,0.94,,Post-close segmented top loser by daily change percent
2026-06-11,"11 Jun 2026, 8:24:02 pm",market-close,REC LIMITED,RECLTD,loser,market-movers,Mid Cap Top Losers,Review Risk,336.85,348.8,-3.43,0,0,5825675,1.06,,Post-close segmented top loser by daily change percent
2026-06-11,"11 Jun 2026, 8:24:02 pm",market-close,ASHOK LEYLAND LTD,ASHOKLEY,loser,market-movers,Mid Cap Top Losers,Review Risk,138.58,141.54,-2.09,0,0,20431024,1.04,,Post-close segmented top loser by daily change percent
2026-06-11,"11 Jun 2026, 8:24:02 pm",market-close,POLYCAB INDIA LIMITED,POLYCAB,loser,market-movers,Mid Cap Top Losers,Review Risk,9372,9523.5,-1.59,0,0,187229,0.84,,Post-close segmented top loser by daily change percent
2026-06-11,"11 Jun 2026, 8:24:02 pm",market-close,DWARIKESH SUGAR IND LTD,DWARKESH,gainer,market-movers,Small Cap Top Gainers,Track,45.06,43.58,3.4,0,0,1524433,1.43,,Post-close segmented top gainer by daily change percent
2026-06-11,"11 Jun 2026, 8:24:02 pm",market-close,GRAVITA INDIA LIMITED,GRAVITA,gainer,market-movers,Small Cap Top Gainers,Track,1570.9,1579.9,-0.57,0,0,115723,0.85,,Post-close segmented top gainer by daily change percent
2026-06-11,"11 Jun 2026, 8:24:02 pm",market-close,SENCO GOLD LIMITED,SENCO,gainer,market-movers,Small Cap Top Gainers,Track,328.05,330.2,-0.65,0,0,215782,0.91,,Post-close segmented top gainer by daily change percent
2026-06-11,"11 Jun 2026, 8:24:02 pm",market-close,RAMA STEEL TUBES LIMITED,RAMASTEEL,gainer,market-movers,Small Cap Top Gainers,Track,5.15,5.21,-1.15,0,0,2088247,0.95,,Post-close segmented top gainer by daily change percent
2026-06-11,"11 Jun 2026, 8:24:02 pm",market-close,MTAR TECHNOLOGIES LIMITED,MTARTECH,loser,market-movers,Small Cap Top Losers,Review Risk,6306,7106.5,-11.26,0,0,4668401,1.06,,Post-close segmented top loser by daily change percent
2026-06-11,"11 Jun 2026, 8:24:02 pm",market-close,NUCLEUS SOFTWARE EXPORTS,NUCLEUS,loser,market-movers,Small Cap Top Losers,Review Risk,751.15,802.85,-6.44,0,0,377716,0.91,,Post-close segmented top loser by daily change percent
2026-06-11,"11 Jun 2026, 8:24:02 pm",market-close,MOREPEN LAB. LTD,MOREPENLAB,loser,market-movers,Small Cap Top Losers,Review Risk,47.29,49.37,-4.21,0,0,11276353,1.01,,Post-close segmented top loser by daily change percent
2026-06-11,"11 Jun 2026, 8:24:02 pm",market-close,K.P. ENERGY LIMITED,KPEL,loser,market-movers,Small Cap Top Losers,Review Risk,327.9,340.9,-3.81,0,0,213526,0.91,,Post-close segmented top loser by daily change percent
2026-06-12,"12 Jun 2026, 2:13:06 pm",morning,HDFC BANK LTD,HDFCBANK,expert-long-term,expert-action-matrix,Large-Cap Bluechips,Accumulate,767.5,744.6,3.08,1000.79,30.4,23575636,1.54,,Expert matrix long-term upside candidate
2026-06-12,"12 Jun 2026, 2:13:06 pm",morning,REC LIMITED,RECLTD,expert-long-term,expert-action-matrix,Large-Cap Bluechips,Accumulate,345.55,336.85,2.58,442.24,27.98,1706518,1.3,,Expert matrix long-term upside candidate
2026-06-12,"12 Jun 2026, 2:13:06 pm",morning,BHARTI AIRTEL LIMITED,BHARTIARTL,expert-long-term,expert-action-matrix,Large-Cap Bluechips,Accumulate,1814.8,1782.6,1.81,2301.28,26.81,3981146,1.25,,Expert matrix long-term upside candidate
2026-06-12,"12 Jun 2026, 2:13:06 pm",morning,ICICI BANK LTD.,ICICIBANK,expert-long-term,expert-action-matrix,Large-Cap Bluechips,Accumulate,1336.4,1317,1.47,1694.46,26.79,11587518,1.29,,Expert matrix long-term upside candidate
2026-06-12,"12 Jun 2026, 2:13:06 pm",morning,RELIANCE INDUSTRIES LTD,RELIANCE,expert-long-term,expert-action-matrix,Large-Cap Bluechips,Accumulate,1281.9,1263,1.5,1623.61,26.66,8429612,1.27,,Expert matrix long-term upside candidate
2026-06-12,"12 Jun 2026, 2:13:06 pm",morning,HDFC BANK LTD,HDFCBANK,expert-intraday,expert-action-matrix,Large-Cap Bluechips,Track Breakout,767.5,744.6,3.08,1000.79,30.4,23575636,1.54,,Expert matrix intraday volume-shock candidate
2026-06-12,"12 Jun 2026, 2:13:06 pm",morning,REC LIMITED,RECLTD,expert-intraday,expert-action-matrix,Large-Cap Bluechips,Track Breakout,345.55,336.85,2.58,442.24,27.98,1706518,1.3,,Expert matrix intraday volume-shock candidate
2026-06-12,"12 Jun 2026, 2:13:06 pm",morning,ICICI BANK LTD.,ICICIBANK,expert-intraday,expert-action-matrix,Large-Cap Bluechips,Track Breakout,1336.4,1317,1.47,1694.46,26.79,11587518,1.29,,Expert matrix intraday volume-shock candidate
2026-06-12,"12 Jun 2026, 2:13:06 pm",morning,STATE BANK OF INDIA,SBIN,expert-intraday,expert-action-matrix,Large-Cap Bluechips,Track Breakout,1012.1,1000.7,1.14,1279.08,26.38,8441280,1.28,,Expert matrix intraday volume-shock candidate
2026-06-12,"12 Jun 2026, 2:13:06 pm",morning,RELIANCE INDUSTRIES LTD,RELIANCE,expert-intraday,expert-action-matrix,Large-Cap Bluechips,Track Breakout,1281.9,1263,1.5,1623.61,26.66,8429612,1.27,,Expert matrix intraday volume-shock candidate
2026-06-12,"12 Jun 2026, 2:13:06 pm",morning,BALAJI AMINES LIMITED,BALAMINES,expert-long-term,expert-action-matrix,Mid-Cap Momentum,Accumulate,2121.4,2054,3.28,2650.93,24.96,144995,1.21,,Expert matrix long-term upside candidate
2026-06-12,"12 Jun 2026, 2:13:06 pm",morning,CUMMINS INDIA LTD,CUMMINSIND,expert-long-term,expert-action-matrix,Mid-Cap Momentum,Accumulate,5613,5557,1.01,6810.13,21.33,144385,1.04,,Expert matrix long-term upside candidate
2026-06-12,"12 Jun 2026, 2:13:06 pm",morning,POLYCAB INDIA LIMITED,POLYCAB,expert-long-term,expert-action-matrix,Mid-Cap Momentum,Accumulate,9490.5,9372,1.26,11478.23,20.94,103244,0.96,,Expert matrix long-term upside candidate
2026-06-12,"12 Jun 2026, 2:13:06 pm",morning,AHLUWALIA CONT IND LTD,AHLUCONT,expert-long-term,expert-action-matrix,Mid-Cap Momentum,Accumulate,794.6,785.85,1.11,957.92,20.55,22786,0.93,,Expert matrix long-term upside candidate
2026-06-12,"12 Jun 2026, 2:13:06 pm",morning,DIXON TECHNO (INDIA) LTD,DIXON,expert-long-term,expert-action-matrix,Mid-Cap Momentum,Accumulate,11481,11371,0.97,13833.16,20.49,197649,0.94,,Expert matrix long-term upside candidate
2026-06-12,"12 Jun 2026, 2:13:06 pm",morning,BALAJI AMINES LIMITED,BALAMINES,expert-intraday,expert-action-matrix,Mid-Cap Momentum,Track Breakout,2121.4,2054,3.28,2650.93,24.96,144995,1.21,,Expert matrix intraday volume-shock candidate
2026-06-12,"12 Jun 2026, 2:13:06 pm",morning,CUMMINS INDIA LTD,CUMMINSIND,expert-intraday,expert-action-matrix,Mid-Cap Momentum,Track Breakout,5613,5557,1.01,6810.13,21.33,144385,1.04,,Expert matrix intraday volume-shock candidate
2026-06-12,"12 Jun 2026, 2:13:06 pm",morning,POLYCAB INDIA LIMITED,POLYCAB,expert-intraday,expert-action-matrix,Mid-Cap Momentum,Track Breakout,9490.5,9372,1.26,11478.23,20.94,103244,0.96,,Expert matrix intraday volume-shock candidate
2026-06-12,"12 Jun 2026, 2:13:06 pm",morning,DIXON TECHNO (INDIA) LTD,DIXON,expert-intraday,expert-action-matrix,Mid-Cap Momentum,Track Breakout,11481,11371,0.97,13833.16,20.49,197649,0.94,,Expert matrix intraday volume-shock candidate
2026-06-12,"12 Jun 2026, 2:13:06 pm",morning,AHLUWALIA CONT IND LTD,AHLUCONT,expert-intraday,expert-action-matrix,Mid-Cap Momentum,Track Breakout,794.6,785.85,1.11,957.92,20.55,22786,0.93,,Expert matrix intraday volume-shock candidate
2026-06-12,"12 Jun 2026, 2:13:06 pm",morning,MOREPEN LAB. LTD,MOREPENLAB,expert-long-term,expert-action-matrix,Small-Cap Alpha,Accumulate,50.66,47.29,7.13,69.65,37.49,14903694,1.92,,Expert matrix long-term upside candidate
2026-06-12,"12 Jun 2026, 2:13:06 pm",morning,SUZLON ENERGY LIMITED,SUZLON,expert-long-term,expert-action-matrix,Small-Cap Alpha,Accumulate,54.74,53.29,2.72,71.36,30.36,38992544,1.58,,Expert matrix long-term upside candidate
2026-06-12,"12 Jun 2026, 2:13:06 pm",morning,RAIL VIKAS NIGAM LIMITED,RVNL,expert-long-term,expert-action-matrix,Small-Cap Alpha,Accumulate,228.72,222.19,2.94,297.2,29.94,4583870,1.5,,Expert matrix long-term upside candidate
2026-06-12,"12 Jun 2026, 2:13:06 pm",morning,TEXMACO RAIL & ENG. LTD.,TEXRAIL,expert-long-term,expert-action-matrix,Small-Cap Alpha,Accumulate,104.35,100.95,3.37,134.62,29.01,1027212,1.33,,Expert matrix long-term upside candidate
2026-06-12,"12 Jun 2026, 2:13:06 pm",morning,INDIAN RENEWABLE ENERGY,IREDA,expert-long-term,expert-action-matrix,Small-Cap Alpha,Accumulate,121.08,118.3,2.35,155.36,28.31,2866917,1.37,,Expert matrix long-term upside candidate
2026-06-12,"12 Jun 2026, 2:13:06 pm",morning,MOREPEN LAB. LTD,MOREPENLAB,expert-intraday,expert-action-matrix,Small-Cap Alpha,Track Breakout,50.66,47.29,7.13,69.65,37.49,14903694,1.92,,Expert matrix intraday volume-shock candidate
2026-06-12,"12 Jun 2026, 2:13:06 pm",morning,SUZLON ENERGY LIMITED,SUZLON,expert-intraday,expert-action-matrix,Small-Cap Alpha,Track Breakout,54.74,53.29,2.72,71.36,30.36,38992544,1.58,,Expert matrix intraday volume-shock candidate
2026-06-12,"12 Jun 2026, 2:13:06 pm",morning,RAIL VIKAS NIGAM LIMITED,RVNL,expert-intraday,expert-action-matrix,Small-Cap Alpha,Track Breakout,228.72,222.19,2.94,297.2,29.94,4583870,1.5,,Expert matrix intraday volume-shock candidate
2026-06-12,"12 Jun 2026, 2:13:06 pm",morning,INDIAN RENEWABLE ENERGY,IREDA,expert-intraday,expert-action-matrix,Small-Cap Alpha,Track Breakout,121.08,118.3,2.35,155.36,28.31,2866917,1.37,,Expert matrix intraday volume-shock candidate
2026-06-12,"12 Jun 2026, 2:13:06 pm",morning,TEXMACO RAIL & ENG. LTD.,TEXRAIL,expert-intraday,expert-action-matrix,Small-Cap Alpha,Track Breakout,104.35,100.95,3.37,134.62,29.01,1027212,1.33,,Expert matrix intraday volume-shock candidate
2026-06-12,"12 Jun 2026, 2:13:06 pm",morning,NIP IND ETF GOLD BEES,GOLDBEES,expert-long-term,expert-action-matrix,ETFs & Index BeES,Accumulate,121.61,119.28,1.95,131.34,8,18874461,1.39,,Expert matrix long-term upside candidate
2026-06-12,"12 Jun 2026, 2:13:06 pm",morning,NIP IND ETF NIFTY BEES,NIFTYBEES,expert-long-term,expert-action-matrix,ETFs & Index BeES,Accumulate,266.6,262.63,1.51,287.93,8,5607970,1.31,,Expert matrix long-term upside candidate
2026-06-12,"12 Jun 2026, 2:13:06 pm",morning,NIPPONAMC - NETFAUTO,AUTOBEES,expert-long-term,expert-action-matrix,ETFs & Index BeES,Accumulate,269.12,265.38,1.41,290.65,8,86300,0.99,,Expert matrix long-term upside candidate
2026-06-12,"12 Jun 2026, 2:13:06 pm",morning,NIP IND ETF IT,ITBEES,expert-long-term,expert-action-matrix,ETFs & Index BeES,Accumulate,30.88,30.88,0,33.35,8,12048508,1.08,,Expert matrix long-term upside candidate
2026-06-12,"12 Jun 2026, 2:13:06 pm",morning,NIP IND ETF BANK BEES,BANKBEES,expert-long-term,expert-action-matrix,ETFs & Index BeES,Accumulate,581.9,569.24,2.22,628.45,8,1074166,1.15,,Expert matrix long-term upside candidate
2026-06-12,"12 Jun 2026, 2:13:06 pm",morning,NIP IND ETF GOLD BEES,GOLDBEES,expert-intraday,expert-action-matrix,ETFs & Index BeES,Track Breakout,121.61,119.28,1.95,131.34,8,18874461,1.39,,Expert matrix intraday volume-shock candidate
2026-06-12,"12 Jun 2026, 2:13:06 pm",morning,NIP IND ETF NIFTY BEES,NIFTYBEES,expert-intraday,expert-action-matrix,ETFs & Index BeES,Track Breakout,266.6,262.63,1.51,287.93,8,5607970,1.31,,Expert matrix intraday volume-shock candidate
2026-06-12,"12 Jun 2026, 2:13:06 pm",morning,NIP IND ETF JUNIOR BEES,JUNIORBEES,expert-intraday,expert-action-matrix,ETFs & Index BeES,Track Breakout,751.5,738.48,1.76,811.62,8,276296,1.17,,Expert matrix intraday volume-shock candidate
2026-06-12,"12 Jun 2026, 2:13:06 pm",morning,NIP IND ETF BANK BEES,BANKBEES,expert-intraday,expert-action-matrix,ETFs & Index BeES,Track Breakout,581.9,569.24,2.22,628.45,8,1074166,1.15,,Expert matrix intraday volume-shock candidate
2026-06-12,"12 Jun 2026, 2:13:06 pm",morning,NIP IND ETF IT,ITBEES,expert-intraday,expert-action-matrix,ETFs & Index BeES,Track Breakout,30.88,30.88,0,33.35,8,12048508,1.08,,Expert matrix intraday volume-shock candidate
2026-06-12,"12 Jun 2026, 2:13:06 pm",morning,HDFC BANK LTD,HDFCBANK,portfolio-short-term,portfolio-analysis,Short-Term Buy/Sell Analysis,Accumulate,767.5,744.6,3.08,0,0,23575636,1.54,public/portfolio.csv,Repo portfolio management signal from uploaded-format seed file
2026-06-12,"12 Jun 2026, 2:13:06 pm",morning,TITAN COMPANY LIMITED,TITAN,portfolio-short-term,portfolio-analysis,Short-Term Buy/Sell Analysis,Accumulate,4119.4,4025.2,2.34,0,0,675610,1.17,public/portfolio.csv,Repo portfolio management signal from uploaded-format seed file
2026-06-12,"12 Jun 2026, 2:13:06 pm",morning,MARUTI SUZUKI INDIA LTD.,MARUTI,portfolio-short-term,portfolio-analysis,Short-Term Buy/Sell Analysis,Accumulate,13362,13098,2.02,0,0,375761,1.15,public/portfolio.csv,Repo portfolio management signal from uploaded-format seed file
2026-06-12,"12 Jun 2026, 2:13:06 pm",morning,RELIANCE INDUSTRIES LTD,RELIANCE,portfolio-short-term,portfolio-analysis,Short-Term Buy/Sell Analysis,Accumulate,1281.9,1263,1.5,0,0,8429612,1.27,public/portfolio.csv,Repo portfolio management signal from uploaded-format seed file
2026-06-12,"12 Jun 2026, 2:13:06 pm",morning,ICICI BANK LTD.,ICICIBANK,portfolio-short-term,portfolio-analysis,Short-Term Buy/Sell Analysis,Accumulate,1336.4,1317,1.47,0,0,11587518,1.29,public/portfolio.csv,Repo portfolio management signal from uploaded-format seed file
2026-06-12,"12 Jun 2026, 2:13:06 pm",morning,HDFC BANK LTD,HDFCBANK,portfolio-long-term,portfolio-analysis,Long-Term Buy/Sell Plan,Accumulate,767.5,744.6,3.08,1000.79,30.4,23575636,1.54,public/portfolio.csv,Repo portfolio management signal from uploaded-format seed file
2026-06-12,"12 Jun 2026, 2:13:06 pm",morning,ICICI BANK LTD.,ICICIBANK,portfolio-long-term,portfolio-analysis,Long-Term Buy/Sell Plan,Accumulate,1336.4,1317,1.47,1694.46,26.79,11587518,1.29,public/portfolio.csv,Repo portfolio management signal from uploaded-format seed file
2026-06-12,"12 Jun 2026, 2:13:06 pm",morning,RELIANCE INDUSTRIES LTD,RELIANCE,portfolio-long-term,portfolio-analysis,Long-Term Buy/Sell Plan,Accumulate,1281.9,1263,1.5,1623.61,26.66,8429612,1.27,public/portfolio.csv,Repo portfolio management signal from uploaded-format seed file
2026-06-12,"12 Jun 2026, 2:13:06 pm",morning,TATA CONSULTANCY SERV LT,TCS,portfolio-long-term,portfolio-analysis,Long-Term Buy/Sell Plan,Accumulate,2155,2135.6,0.91,2680.57,24.39,1564004,1.06,public/portfolio.csv,Repo portfolio management signal from uploaded-format seed file
2026-06-12,"12 Jun 2026, 2:13:06 pm",morning,INFOSYS LIMITED,INFY,portfolio-long-term,portfolio-analysis,Long-Term Buy/Sell Plan,Accumulate,1117.5,1114.6,0.26,1380.11,23.5,3615733,1.03,public/portfolio.csv,Repo portfolio management signal from uploaded-format seed file
2026-06-12,"12 Jun 2026, 7:45:22 pm",market-close,BAJAJ FINANCE LIMITED,BAJFINANCE,gainer,market-movers,Large Cap Top Gainers,Track,918.3,870.55,5.49,0,0,11725687,1.72,,Post-close segmented top gainer by daily change percent
2026-06-12,"12 Jun 2026, 7:45:22 pm",market-close,LARSEN & TOUBRO LTD.,LT,gainer,market-movers,Large Cap Top Gainers,Track,4049.3,3862,4.85,0,0,3064640,1.61,,Post-close segmented top gainer by daily change percent
2026-06-12,"12 Jun 2026, 7:45:22 pm",market-close,TITAN COMPANY LIMITED,TITAN,gainer,market-movers,Large Cap Top Gainers,Track,4184,4025.2,3.95,0,0,1122198,1.4,,Post-close segmented top gainer by daily change percent
2026-06-12,"12 Jun 2026, 7:45:22 pm",market-close,HDFC BANK LTD,HDFCBANK,gainer,market-movers,Large Cap Top Gainers,Track,772.45,744.6,3.74,0,0,36082058,1.65,,Post-close segmented top gainer by daily change percent
2026-06-12,"12 Jun 2026, 7:45:22 pm",market-close,INFOSYS LIMITED,INFY,loser,market-movers,Large Cap Top Losers,Review Risk,1116.4,1114.6,0.16,0,0,8074159,1.07,,Post-close segmented top loser by daily change percent
2026-06-12,"12 Jun 2026, 7:45:22 pm",market-close,NTPC LTD,NTPC,loser,market-movers,Large Cap Top Losers,Review Risk,353.9,351.85,0.58,0,0,8739677,1.11,,Post-close segmented top loser by daily change percent
2026-06-12,"12 Jun 2026, 7:45:22 pm",market-close,SUN PHARMACEUTICAL IND L,SUNPHARMA,loser,market-movers,Large Cap Top Losers,Review Risk,1807.7,1794.2,0.75,0,0,1243280,0.99,,Post-close segmented top loser by daily change percent
2026-06-12,"12 Jun 2026, 7:45:22 pm",market-close,ITC LTD,ITC,loser,market-movers,Large Cap Top Losers,Review Risk,285.1,282.4,0.96,0,0,12888164,1.29,,Post-close segmented top loser by daily change percent
2026-06-12,"12 Jun 2026, 7:45:22 pm",market-close,ASHOK LEYLAND LTD,ASHOKLEY,gainer,market-movers,Mid Cap Top Gainers,Track,152.45,138.58,10.01,0,0,69248910,2.37,,Post-close segmented top gainer by daily change percent
2026-06-12,"12 Jun 2026, 7:45:22 pm",market-close,AU SMALL FINANCE BANK LTD,AUBANK,gainer,market-movers,Mid Cap Top Gainers,Track,1015.5,963.3,5.42,0,0,4077481,1.78,,Post-close segmented top gainer by daily change percent
2026-06-12,"12 Jun 2026, 7:45:22 pm",market-close,VODAFONE IDEA LIMITED,IDEA,gainer,market-movers,Mid Cap Top Gainers,Track,14.9,14.17,5.15,0,0,929711857,2.02,,Post-close segmented top gainer by daily change percent
2026-06-12,"12 Jun 2026, 7:45:22 pm",market-close,THE INDIAN HOTELS CO. LTD,INDHOTEL,gainer,market-movers,Mid Cap Top Gainers,Track,679.45,655.7,3.62,0,0,2798798,1.47,,Post-close segmented top gainer by daily change percent
2026-06-12,"12 Jun 2026, 7:45:22 pm",market-close,COFORGE LIMITED,COFORGE,loser,market-movers,Mid Cap Top Losers,Review Risk,1367.2,1393.8,-1.91,0,0,2484353,0.95,,Post-close segmented top loser by daily change percent
2026-06-12,"12 Jun 2026, 7:45:22 pm",market-close,PERSISTENT SYSTEMS LTD,PERSISTENT,loser,market-movers,Mid Cap Top Losers,Review Risk,4811,4874,-1.29,0,0,410081,0.86,,Post-close segmented top loser by daily change percent
2026-06-12,"12 Jun 2026, 7:45:22 pm",market-close,MPHASIS LIMITED,MPHASIS,loser,market-movers,Mid Cap Top Losers,Review Risk,2270.4,2277.8,-0.32,0,0,179653,0.76,,Post-close segmented top loser by daily change percent
2026-06-12,"12 Jun 2026, 7:45:22 pm",market-close,MAX HEALTHCARE INS LTD,MAXHEALTH,loser,market-movers,Mid Cap Top Losers,Review Risk,1012.45,1009.6,0.28,0,0,760161,0.91,,Post-close segmented top loser by daily change percent
2026-06-12,"12 Jun 2026, 7:45:22 pm",market-close,MTAR TECHNOLOGIES LIMITED,MTARTECH,gainer,market-movers,Small Cap Top Gainers,Track,7159.5,6306,13.53,0,0,4306315,2.75,,Post-close segmented top gainer by daily change percent
2026-06-12,"12 Jun 2026, 7:45:22 pm",market-close,MOREPEN LAB. LTD,MOREPENLAB,gainer,market-movers,Small Cap Top Gainers,Track,50.12,47.29,5.98,0,0,18142830,1.79,,Post-close segmented top gainer by daily change percent
2026-06-12,"12 Jun 2026, 7:45:22 pm",market-close,RAIL VIKAS NIGAM LIMITED,RVNL,gainer,market-movers,Small Cap Top Gainers,Track,233.26,222.19,4.98,0,0,7555889,1.79,,Post-close segmented top gainer by daily change percent
2026-06-12,"12 Jun 2026, 7:45:22 pm",market-close,K.P. ENERGY LIMITED,KPEL,gainer,market-movers,Small Cap Top Gainers,Track,344.2,327.9,4.97,0,0,180207,1.52,,Post-close segmented top gainer by daily change percent
2026-06-12,"12 Jun 2026, 7:45:22 pm",market-close,DWARIKESH SUGAR IND LTD,DWARKESH,loser,market-movers,Small Cap Top Losers,Review Risk,44.28,45.06,-1.73,0,0,783952,0.96,,Post-close segmented top loser by daily change percent
2026-06-12,"12 Jun 2026, 7:45:22 pm",market-close,NUCLEUS SOFTWARE EXPORTS,NUCLEUS,loser,market-movers,Small Cap Top Losers,Review Risk,750.8,751.15,-0.05,0,0,75531,0.81,,Post-close segmented top loser by daily change percent
2026-06-12,"12 Jun 2026, 7:45:22 pm",market-close,RAMA STEEL TUBES LIMITED,RAMASTEEL,loser,market-movers,Small Cap Top Losers,Review Risk,5.22,5.15,1.36,0,0,2339911,1.13,,Post-close segmented top loser by daily change percent
2026-06-12,"12 Jun 2026, 7:45:22 pm",market-close,GRAVITA INDIA LIMITED,GRAVITA,loser,market-movers,Small Cap Top Losers,Review Risk,1602.9,1570.9,2.04,0,0,163538,1.13,,Post-close segmented top loser by daily change percent
2026-06-15,"15 Jun 2026, 4:04:33 pm",morning,VARUN BEVERAGES LIMITED,VBL,expert-long-term,expert-action-matrix,Large-Cap Bluechips,Accumulate,541,522.2,3.6,703.52,30.04,7594335,1.43,,Expert matrix long-term upside candidate
2026-06-15,"15 Jun 2026, 4:04:33 pm",morning,INFOSYS LIMITED,INFY,expert-long-term,expert-action-matrix,Large-Cap Bluechips,Accumulate,1134.9,1116.4,1.66,1437.43,26.66,7854687,1.25,,Expert matrix long-term upside candidate
2026-06-15,"15 Jun 2026, 4:04:33 pm",morning,RELIANCE INDUSTRIES LTD,RELIANCE,expert-long-term,expert-action-matrix,Large-Cap Bluechips,Accumulate,1307,1293,1.08,1648.95,26.16,18631414,1.26,,Expert matrix long-term upside candidate
2026-06-15,"15 Jun 2026, 4:04:33 pm",morning,HDFC BANK LTD,HDFCBANK,expert-long-term,expert-action-matrix,Large-Cap Bluechips,Accumulate,777.35,772.45,0.63,977.86,25.79,39986645,1.27,,Expert matrix long-term upside candidate
2026-06-15,"15 Jun 2026, 4:04:33 pm",morning,MAX HEALTHCARE INS LTD,MAXHEALTH,expert-long-term,expert-action-matrix,Large-Cap Bluechips,Accumulate,1028.9,1012.45,1.62,1291.32,25.5,1311682,1.11,,Expert matrix long-term upside candidate
2026-06-15,"15 Jun 2026, 4:04:33 pm",morning,VARUN BEVERAGES LIMITED,VBL,expert-intraday,expert-action-matrix,Large-Cap Bluechips,Track Breakout,541,522.2,3.6,703.52,30.04,7594335,1.43,,Expert matrix intraday volume-shock candidate
2026-06-15,"15 Jun 2026, 4:04:33 pm",morning,HDFC BANK LTD,HDFCBANK,expert-intraday,expert-action-matrix,Large-Cap Bluechips,Track Breakout,777.35,772.45,0.63,977.86,25.79,39986645,1.27,,Expert matrix intraday volume-shock candidate
2026-06-15,"15 Jun 2026, 4:04:33 pm",morning,RELIANCE INDUSTRIES LTD,RELIANCE,expert-intraday,expert-action-matrix,Large-Cap Bluechips,Track Breakout,1307,1293,1.08,1648.95,26.16,18631414,1.26,,Expert matrix intraday volume-shock candidate
2026-06-15,"15 Jun 2026, 4:04:33 pm",morning,INFOSYS LIMITED,INFY,expert-intraday,expert-action-matrix,Large-Cap Bluechips,Track Breakout,1134.9,1116.4,1.66,1437.43,26.66,7854687,1.25,,Expert matrix intraday volume-shock candidate
2026-06-15,"15 Jun 2026, 4:04:33 pm",morning,STATE BANK OF INDIA,SBIN,expert-intraday,expert-action-matrix,Large-Cap Bluechips,Track Breakout,1020.85,1017.15,0.36,1276.51,25.04,12461373,1.21,,Expert matrix intraday volume-shock candidate
2026-06-15,"15 Jun 2026, 4:04:33 pm",morning,DIXON TECHNO (INDIA) LTD,DIXON,expert-long-term,expert-action-matrix,Mid-Cap Momentum,Accumulate,11957,11546,3.56,15099.26,26.28,719179,1.34,,Expert matrix long-term upside candidate
2026-06-15,"15 Jun 2026, 4:04:33 pm",morning,CUMMINS INDIA LTD,CUMMINSIND,expert-long-term,expert-action-matrix,Mid-Cap Momentum,Accumulate,5754,5621.5,2.36,7169.31,24.6,409780,1.28,,Expert matrix long-term upside candidate
2026-06-15,"15 Jun 2026, 4:04:33 pm",morning,PERSISTENT SYSTEMS LTD,PERSISTENT,expert-long-term,expert-action-matrix,Mid-Cap Momentum,Accumulate,4890.5,4811,1.65,5980.71,22.29,519687,1.08,,Expert matrix long-term upside candidate
2026-06-15,"15 Jun 2026, 4:04:33 pm",morning,AHLUWALIA CONT IND LTD,AHLUCONT,expert-long-term,expert-action-matrix,Mid-Cap Momentum,Accumulate,808.5,798.1,1.3,981.38,21.38,56536,1.01,,Expert matrix long-term upside candidate
2026-06-15,"15 Jun 2026, 4:04:33 pm",morning,POLYCAB INDIA LIMITED,POLYCAB,expert-long-term,expert-action-matrix,Mid-Cap Momentum,Accumulate,9556,9554,0.02,11354.53,18.82,197965,0.85,,Expert matrix long-term upside candidate
2026-06-15,"15 Jun 2026, 4:04:33 pm",morning,DIXON TECHNO (INDIA) LTD,DIXON,expert-intraday,expert-action-matrix,Mid-Cap Momentum,Track Breakout,11957,11546,3.56,15099.26,26.28,719179,1.34,,Expert matrix intraday volume-shock candidate
2026-06-15,"15 Jun 2026, 4:04:33 pm",morning,CUMMINS INDIA LTD,CUMMINSIND,expert-intraday,expert-action-matrix,Mid-Cap Momentum,Track Breakout,5754,5621.5,2.36,7169.31,24.6,409780,1.28,,Expert matrix intraday volume-shock candidate
2026-06-15,"15 Jun 2026, 4:04:33 pm",morning,PERSISTENT SYSTEMS LTD,PERSISTENT,expert-intraday,expert-action-matrix,Mid-Cap Momentum,Track Breakout,4890.5,4811,1.65,5980.71,22.29,519687,1.08,,Expert matrix intraday volume-shock candidate
2026-06-15,"15 Jun 2026, 4:04:33 pm",morning,AHLUWALIA CONT IND LTD,AHLUCONT,expert-intraday,expert-action-matrix,Mid-Cap Momentum,Track Breakout,808.5,798.1,1.3,981.38,21.38,56536,1.01,,Expert matrix intraday volume-shock candidate
2026-06-15,"15 Jun 2026, 4:04:33 pm",morning,POLYCAB INDIA LIMITED,POLYCAB,expert-intraday,expert-action-matrix,Mid-Cap Momentum,Track Breakout,9556,9554,0.02,11354.53,18.82,197965,0.85,,Expert matrix intraday volume-shock candidate
2026-06-15,"15 Jun 2026, 4:04:33 pm",morning,MOREPEN LAB. LTD,MOREPENLAB,expert-long-term,expert-action-matrix,Small-Cap Alpha,Accumulate,52.42,50.12,4.59,69.52,32.63,23556887,1.63,,Expert matrix long-term upside candidate
2026-06-15,"15 Jun 2026, 4:04:33 pm",morning,RAIL VIKAS NIGAM LIMITED,RVNL,expert-long-term,expert-action-matrix,Small-Cap Alpha,Accumulate,239.7,233.26,2.76,311.42,29.92,9207635,1.52,,Expert matrix long-term upside candidate
2026-06-15,"15 Jun 2026, 4:04:33 pm",morning,INDIAN RENEWABLE ENERGY,IREDA,expert-long-term,expert-action-matrix,Small-Cap Alpha,Accumulate,124.82,122.13,2.2,160.27,28.4,6277579,1.4,,Expert matrix long-term upside candidate
2026-06-15,"15 Jun 2026, 4:04:33 pm",morning,SUZLON ENERGY LIMITED,SUZLON,expert-long-term,expert-action-matrix,Small-Cap Alpha,Accumulate,55.57,55.08,0.89,70.58,27.01,65020527,1.39,,Expert matrix long-term upside candidate
2026-06-15,"15 Jun 2026, 4:04:33 pm",morning,DWARIKESH SUGAR IND LTD,DWARKESH,expert-long-term,expert-action-matrix,Small-Cap Alpha,Accumulate,44.83,44.28,1.24,56.34,25.68,2222866,1.18,,Expert matrix long-term upside candidate
2026-06-15,"15 Jun 2026, 4:04:33 pm",morning,MOREPEN LAB. LTD,MOREPENLAB,expert-intraday,expert-action-matrix,Small-Cap Alpha,Track Breakout,52.42,50.12,4.59,69.52,32.63,23556887,1.63,,Expert matrix intraday volume-shock candidate
2026-06-15,"15 Jun 2026, 4:04:33 pm",morning,RAIL VIKAS NIGAM LIMITED,RVNL,expert-intraday,expert-action-matrix,Small-Cap Alpha,Track Breakout,239.7,233.26,2.76,311.42,29.92,9207635,1.52,,Expert matrix intraday volume-shock candidate
2026-06-15,"15 Jun 2026, 4:04:33 pm",morning,INDIAN RENEWABLE ENERGY,IREDA,expert-intraday,expert-action-matrix,Small-Cap Alpha,Track Breakout,124.82,122.13,2.2,160.27,28.4,6277579,1.4,,Expert matrix intraday volume-shock candidate
2026-06-15,"15 Jun 2026, 4:04:33 pm",morning,SUZLON ENERGY LIMITED,SUZLON,expert-intraday,expert-action-matrix,Small-Cap Alpha,Track Breakout,55.57,55.08,0.89,70.58,27.01,65020527,1.39,,Expert matrix intraday volume-shock candidate
2026-06-15,"15 Jun 2026, 4:04:33 pm",morning,DWARIKESH SUGAR IND LTD,DWARKESH,expert-intraday,expert-action-matrix,Small-Cap Alpha,Track Breakout,44.83,44.28,1.24,56.34,25.68,2222866,1.18,,Expert matrix intraday volume-shock candidate
2026-06-15,"15 Jun 2026, 4:04:33 pm",morning,NIPPONAMC - NETFAUTO,AUTOBEES,expert-long-term,expert-action-matrix,ETFs & Index BeES,Accumulate,277.69,270.63,2.61,299.91,8,555734,1.26,,Expert matrix long-term upside candidate
2026-06-15,"15 Jun 2026, 4:04:33 pm",morning,NIP IND ETF GOLD BEES,GOLDBEES,expert-long-term,expert-action-matrix,ETFs & Index BeES,Accumulate,124.11,121.92,1.8,134.04,8,24027549,1.39,,Expert matrix long-term upside candidate
2026-06-15,"15 Jun 2026, 4:04:33 pm",morning,NIP IND ETF IT,ITBEES,expert-long-term,expert-action-matrix,ETFs & Index BeES,Accumulate,31.19,30.89,0.97,33.69,8,16952214,1.22,,Expert matrix long-term upside candidate
2026-06-15,"15 Jun 2026, 4:04:33 pm",morning,NIP IND ETF JUNIOR BEES,JUNIORBEES,expert-long-term,expert-action-matrix,ETFs & Index BeES,Accumulate,773.42,755.73,2.34,835.29,8,739797,1.3,,Expert matrix long-term upside candidate
2026-06-15,"15 Jun 2026, 4:04:33 pm",morning,NIP IND ETF BANK BEES,BANKBEES,expert-long-term,expert-action-matrix,ETFs & Index BeES,Accumulate,589.68,585.42,0.73,636.85,8,2716522,1.02,,Expert matrix long-term upside candidate
2026-06-15,"15 Jun 2026, 4:04:33 pm",morning,NIP IND ETF GOLD BEES,GOLDBEES,expert-intraday,expert-action-matrix,ETFs & Index BeES,Track Breakout,124.11,121.92,1.8,134.04,8,24027549,1.39,,Expert matrix intraday volume-shock candidate
2026-06-15,"15 Jun 2026, 4:04:33 pm",morning,NIP IND ETF NIFTY BEES,NIFTYBEES,expert-intraday,expert-action-matrix,ETFs & Index BeES,Track Breakout,270.63,267.86,1.03,292.28,8,12569041,1.3,,Expert matrix intraday volume-shock candidate
2026-06-15,"15 Jun 2026, 4:04:33 pm",morning,NIP IND ETF JUNIOR BEES,JUNIORBEES,expert-intraday,expert-action-matrix,ETFs & Index BeES,Track Breakout,773.42,755.73,2.34,835.29,8,739797,1.3,,Expert matrix intraday volume-shock candidate
2026-06-15,"15 Jun 2026, 4:04:33 pm",morning,NIPPONAMC - NETFAUTO,AUTOBEES,expert-intraday,expert-action-matrix,ETFs & Index BeES,Track Breakout,277.69,270.63,2.61,299.91,8,555734,1.26,,Expert matrix intraday volume-shock candidate
2026-06-15,"15 Jun 2026, 4:04:33 pm",morning,NIP IND ETF IT,ITBEES,expert-intraday,expert-action-matrix,ETFs & Index BeES,Track Breakout,31.19,30.89,0.97,33.69,8,16952214,1.22,,Expert matrix intraday volume-shock candidate
2026-06-15,"15 Jun 2026, 4:04:33 pm",morning,MARUTI SUZUKI INDIA LTD.,MARUTI,portfolio-short-term,portfolio-analysis,Short-Term Buy/Sell Analysis,Accumulate,13805,13366,3.28,0,0,613233,1.34,public/portfolio.csv,Repo portfolio management signal from uploaded-format seed file
2026-06-15,"15 Jun 2026, 4:04:33 pm",morning,TITAN COMPANY LIMITED,TITAN,portfolio-short-term,portfolio-analysis,Short-Term Buy/Sell Analysis,Accumulate,4283.5,4184,2.38,0,0,1076766,1.2,public/portfolio.csv,Repo portfolio management signal from uploaded-format seed file
2026-06-15,"15 Jun 2026, 4:04:33 pm",morning,INFOSYS LIMITED,INFY,portfolio-short-term,portfolio-analysis,Short-Term Buy/Sell Analysis,Accumulate,1134.9,1116.4,1.66,0,0,7854687,1.25,public/portfolio.csv,Repo portfolio management signal from uploaded-format seed file
2026-06-15,"15 Jun 2026, 4:04:33 pm",morning,RELIANCE INDUSTRIES LTD,RELIANCE,portfolio-short-term,portfolio-analysis,Short-Term Buy/Sell Analysis,Accumulate,1307,1293,1.08,0,0,18631414,1.26,public/portfolio.csv,Repo portfolio management signal from uploaded-format seed file
2026-06-15,"15 Jun 2026, 4:04:33 pm",morning,HDFC BANK LTD,HDFCBANK,portfolio-short-term,portfolio-analysis,Short-Term Buy/Sell Analysis,Accumulate,777.35,772.45,0.63,0,0,39986645,1.27,public/portfolio.csv,Repo portfolio management signal from uploaded-format seed file
2026-06-15,"15 Jun 2026, 4:04:33 pm",morning,INFOSYS LIMITED,INFY,portfolio-long-term,portfolio-analysis,Long-Term Buy/Sell Plan,Accumulate,1134.9,1116.4,1.66,1437.43,26.66,7854687,1.25,public/portfolio.csv,Repo portfolio management signal from uploaded-format seed file
2026-06-15,"15 Jun 2026, 4:04:33 pm",morning,RELIANCE INDUSTRIES LTD,RELIANCE,portfolio-long-term,portfolio-analysis,Long-Term Buy/Sell Plan,Accumulate,1307,1293,1.08,1648.95,26.16,18631414,1.26,public/portfolio.csv,Repo portfolio management signal from uploaded-format seed file
2026-06-15,"15 Jun 2026, 4:04:33 pm",morning,HDFC BANK LTD,HDFCBANK,portfolio-long-term,portfolio-analysis,Long-Term Buy/Sell Plan,Accumulate,777.35,772.45,0.63,977.86,25.79,39986645,1.27,public/portfolio.csv,Repo portfolio management signal from uploaded-format seed file
2026-06-15,"15 Jun 2026, 4:04:33 pm",morning,ICICI BANK LTD.,ICICIBANK,portfolio-long-term,portfolio-analysis,Long-Term Buy/Sell Plan,Accumulate,1327.6,1340.8,-0.98,1646.76,24.04,16172169,1.13,public/portfolio.csv,Repo portfolio management signal from uploaded-format seed file
2026-06-15,"15 Jun 2026, 4:04:33 pm",morning,TATA CONSULTANCY SERV LT,TCS,portfolio-long-term,portfolio-analysis,Long-Term Buy/Sell Plan,Accumulate,2162,2161.4,0.03,2659.86,23.03,3336203,1,public/portfolio.csv,Repo portfolio management signal from uploaded-format seed file
